﻿[
{"Smiles":"O=C1OC(C)(C)OC(=O)C1=CC=C1C=C(OC(=C1)c1ccccc1)c1ccccc1","CleanResult":"","MSForcite_OutputDirectory":"E:\\PPS\\web\\jobs\\tdmusho\\ppc715C8-71B7-4813-9F42-58B4EA5421D8\\Exports\\ppc715C8-71B7-4813-9F42-58B4EA5421D8\\Forcite_1\\default (711)","MSForcite_ConvergenceCriteriaMet":"Converged","MSForcite_Structure":"E:\\PPS\\web\\jobs\\tdmusho\\ppc715C8-71B7-4813-9F42-58B4EA5421D8\\Exports\\ppc715C8-71B7-4813-9F42-58B4EA5421D8\\Forcite_1\\default (711)\\default (711).xsd","MSForcite_TotalEnergy":75.7506527980104,"ErrorText":"VAMP job failed with:\nTask completed with failure.\n\nFAIL in VAMP.GeometryOptimization (function/property \"Run\")"},
{"Smiles":"OC(=O)c1ccccc1C(=O)c1c2ccccn2c2c1C(=O)c1ccccc1C2=O","CleanResult":"","MSForcite_OutputDirectory":"E:\\PPS\\web\\jobs\\tdmusho\\ppc715C8-71B7-4813-9F42-58B4EA5421D8\\Exports\\ppc715C8-71B7-4813-9F42-58B4EA5421D8\\Forcite_1\\default (729)","MSForcite_ConvergenceCriteriaMet":"Converged","MSForcite_Structure":"E:\\PPS\\web\\jobs\\tdmusho\\ppc715C8-71B7-4813-9F42-58B4EA5421D8\\Exports\\ppc715C8-71B7-4813-9F42-58B4EA5421D8\\Forcite_1\\default (729)\\default (729).xsd","MSForcite_TotalEnergy":103.66658033545,"ErrorText":"VAMP job failed with:\nTask completed with failure.\n\nFAIL in VAMP.GeometryOptimization (function/property \"Run\")"},
{"Smiles":"COc1ccc(cc1)N=Nc1ccc(c2c1ccc(n2)C)OC(=O)c1ccccc1","CleanResult":"","MSForcite_OutputDirectory":"E:\\PPS\\web\\jobs\\tdmusho\\ppc715C8-71B7-4813-9F42-58B4EA5421D8\\Exports\\ppc715C8-71B7-4813-9F42-58B4EA5421D8\\Forcite_1\\default (739)","MSForcite_ConvergenceCriteriaMet":"Converged","MSForcite_Structure":"E:\\PPS\\web\\jobs\\tdmusho\\ppc715C8-71B7-4813-9F42-58B4EA5421D8\\Exports\\ppc715C8-71B7-4813-9F42-58B4EA5421D8\\Forcite_1\\default (739)\\default (739).xsd","MSForcite_TotalEnergy":76.5533346058241,"ErrorText":"VAMP job failed with:\nTask completed with failure.\n\nFAIL in VAMP.GeometryOptimization (function/property \"Run\")"},
{"Smiles":"c1ccc(cc1)N(c1ccccc1)c1ccc(cc1)C(n1cccn1)n1cccn1","CleanResult":"","MSForcite_OutputDirectory":"E:\\PPS\\web\\jobs\\tdmusho\\ppc715C8-71B7-4813-9F42-58B4EA5421D8\\Exports\\ppc715C8-71B7-4813-9F42-58B4EA5421D8\\Forcite_1\\default (740)","MSForcite_ConvergenceCriteriaMet":"Converged","MSForcite_Structure":"E:\\PPS\\web\\jobs\\tdmusho\\ppc715C8-71B7-4813-9F42-58B4EA5421D8\\Exports\\ppc715C8-71B7-4813-9F42-58B4EA5421D8\\Forcite_1\\default (740)\\default (740).xsd","MSForcite_TotalEnergy":127.432604802041,"ErrorText":"VAMP job failed with:\nTask completed with failure.\n\nFAIL in VAMP.GeometryOptimization (function/property \"Run\")"},
{"Smiles":"COc1ccc(cc1)c1nc2CCc3c(c2c2c1c1ccccc1CC2)cccc3","CleanResult":"","MSForcite_OutputDirectory":"E:\\PPS\\web\\jobs\\tdmusho\\ppc715C8-71B7-4813-9F42-58B4EA5421D8\\Exports\\ppc715C8-71B7-4813-9F42-58B4EA5421D8\\Forcite_1\\default (752)","MSForcite_ConvergenceCriteriaMet":"Converged","MSForcite_Structure":"E:\\PPS\\web\\jobs\\tdmusho\\ppc715C8-71B7-4813-9F42-58B4EA5421D8\\Exports\\ppc715C8-71B7-4813-9F42-58B4EA5421D8\\Forcite_1\\default (752)\\default (752).xsd","MSForcite_TotalEnergy":91.8789599878814,"ErrorText":"VAMP job failed with:\nTask completed with failure.\n\nFAIL in VAMP.GeometryOptimization (function/property \"Run\")"},
{"Smiles":"CCOC(=O)C1=C(NC(=O)C1=Cc1ccccc1)c1ccc(cc1)c1ccccc1","CleanResult":"","MSForcite_OutputDirectory":"E:\\PPS\\web\\jobs\\tdmusho\\ppc715C8-71B7-4813-9F42-58B4EA5421D8\\Exports\\ppc715C8-71B7-4813-9F42-58B4EA5421D8\\Forcite_1\\default (756)","MSForcite_ConvergenceCriteriaMet":"Converged","MSForcite_Structure":"E:\\PPS\\web\\jobs\\tdmusho\\ppc715C8-71B7-4813-9F42-58B4EA5421D8\\Exports\\ppc715C8-71B7-4813-9F42-58B4EA5421D8\\Forcite_1\\default (756)\\default (756).xsd","MSForcite_TotalEnergy":99.937006191895,"ErrorText":"VAMP job failed with:\nTask completed with failure.\n\nFAIL in VAMP.GeometryOptimization (function/property \"Run\")"},
{"Smiles":"CN(c1ccc(cc1)C=c1oc(=Cc2ccc(cc2)C(F)(F)F)c2c1cccc2)C","CleanResult":"","MSForcite_OutputDirectory":"E:\\PPS\\web\\jobs\\tdmusho\\ppc715C8-71B7-4813-9F42-58B4EA5421D8\\Exports\\ppc715C8-71B7-4813-9F42-58B4EA5421D8\\Forcite_1\\default (759)","MSForcite_ConvergenceCriteriaMet":"Converged","MSForcite_Structure":"E:\\PPS\\web\\jobs\\tdmusho\\ppc715C8-71B7-4813-9F42-58B4EA5421D8\\Exports\\ppc715C8-71B7-4813-9F42-58B4EA5421D8\\Forcite_1\\default (759)\\default (759).xsd","MSForcite_TotalEnergy":84.7956834183579,"ErrorText":"VAMP job failed with:\nTask completed with failure.\n\nFAIL in VAMP.GeometryOptimization (function/property \"Run\")"},
{"Smiles":"O=C(c1cn(C)c2c(c1=O)c(O)c(c(c2)F)F)c1ccccc1Cc1ccccc1","CleanResult":"","MSForcite_OutputDirectory":"E:\\PPS\\web\\jobs\\tdmusho\\ppc715C8-71B7-4813-9F42-58B4EA5421D8\\Exports\\ppc715C8-71B7-4813-9F42-58B4EA5421D8\\Forcite_1\\default (761)","MSForcite_ConvergenceCriteriaMet":"Converged","MSForcite_Structure":"E:\\PPS\\web\\jobs\\tdmusho\\ppc715C8-71B7-4813-9F42-58B4EA5421D8\\Exports\\ppc715C8-71B7-4813-9F42-58B4EA5421D8\\Forcite_1\\default (761)\\default (761).xsd","MSForcite_TotalEnergy":65.6029478874032,"ErrorText":"VAMP job failed with:\nTask completed with failure.\n\nFAIL in VAMP.GeometryOptimization (function/property \"Run\")"},
{"Smiles":"[CH-]1C=CC=C1.CC(OC1=C([C-]2C=CC=C2)C(=O)c2c(C1=O)cc1c(c2)OCO1)C.[Fe+2]","CleanResult":"","MSForcite_OutputDirectory":"E:\\PPS\\web\\jobs\\tdmusho\\ppc715C8-71B7-4813-9F42-58B4EA5421D8\\Exports\\ppc715C8-71B7-4813-9F42-58B4EA5421D8\\Forcite_1\\default (769)","MSForcite_ConvergenceCriteriaMet":"Converged","MSForcite_Structure":"E:\\PPS\\web\\jobs\\tdmusho\\ppc715C8-71B7-4813-9F42-58B4EA5421D8\\Exports\\ppc715C8-71B7-4813-9F42-58B4EA5421D8\\Forcite_1\\default (769)\\default (769).xsd","MSForcite_TotalEnergy":109.560014298232,"ErrorText":"VAMP job failed with:\nTask completed with failure.\n\nFAIL in VAMP.GeometryOptimization (function/property \"Run\")"},
{"Smiles":"COC(=O)c1c(C(=O)OC)c(C(=O)OC)c(c(c1C(=O)OC)C(=O)OC)C(=O)OC","CleanResult":"","MSForcite_OutputDirectory":"E:\\PPS\\web\\jobs\\tdmusho\\ppc715C8-71B7-4813-9F42-58B4EA5421D8\\Exports\\ppc715C8-71B7-4813-9F42-58B4EA5421D8\\Forcite_1\\default (792)","MSForcite_ConvergenceCriteriaMet":"Converged","MSForcite_Structure":"E:\\PPS\\web\\jobs\\tdmusho\\ppc715C8-71B7-4813-9F42-58B4EA5421D8\\Exports\\ppc715C8-71B7-4813-9F42-58B4EA5421D8\\Forcite_1\\default (792)\\default (792).xsd","MSForcite_TotalEnergy":92.9476960250168,"ErrorText":"VAMP job failed with:\nTask completed with failure.\n\nFAIL in VAMP.GeometryOptimization (function/property \"Run\")"},
{"Smiles":"OC(=O)CCCc1[nH]c(cn2c1nc(c2=O)Cc1ccc(cc1)O)c1ccc(cc1)O","CleanResult":"","MSForcite_OutputDirectory":"E:\\PPS\\web\\jobs\\tdmusho\\ppc715C8-71B7-4813-9F42-58B4EA5421D8\\Exports\\ppc715C8-71B7-4813-9F42-58B4EA5421D8\\Forcite_1\\default (801)","MSForcite_ConvergenceCriteriaMet":"Converged","MSForcite_Structure":"E:\\PPS\\web\\jobs\\tdmusho\\ppc715C8-71B7-4813-9F42-58B4EA5421D8\\Exports\\ppc715C8-71B7-4813-9F42-58B4EA5421D8\\Forcite_1\\default (801)\\default (801).xsd","MSForcite_TotalEnergy":91.0749440753693,"ErrorText":"VAMP job failed with:\nTask completed with failure.\n\nFAIL in VAMP.GeometryOptimization (function/property \"Run\")"},
{"Smiles":"COc1ccc2c(c1)c(COC(=O)[C@@H](NC(=O)OCc1ccccc1)C)cc(=O)n2C","CleanResult":"","MSForcite_OutputDirectory":"E:\\PPS\\web\\jobs\\tdmusho\\ppc715C8-71B7-4813-9F42-58B4EA5421D8\\Exports\\ppc715C8-71B7-4813-9F42-58B4EA5421D8\\Forcite_1\\default (803)","MSForcite_ConvergenceCriteriaMet":"Converged","MSForcite_Structure":"E:\\PPS\\web\\jobs\\tdmusho\\ppc715C8-71B7-4813-9F42-58B4EA5421D8\\Exports\\ppc715C8-71B7-4813-9F42-58B4EA5421D8\\Forcite_1\\default (803)\\default (803).xsd","MSForcite_TotalEnergy":63.8881610869274,"ErrorText":"VAMP job failed with:\nTask completed with failure.\n\nFAIL in VAMP.GeometryOptimization (function/property \"Run\")"},
{"Smiles":"CN1c2cc(C=Nc3ccc4c(c3)Cc3c4cccc3)ccc2Sc2c1cccc2","CleanResult":"","MSForcite_OutputDirectory":"E:\\PPS\\web\\jobs\\tdmusho\\ppc715C8-71B7-4813-9F42-58B4EA5421D8\\Exports\\ppc715C8-71B7-4813-9F42-58B4EA5421D8\\Forcite_1\\default (762)","MSForcite_ConvergenceCriteriaMet":"Converged","MSForcite_Structure":"E:\\PPS\\web\\jobs\\tdmusho\\ppc715C8-71B7-4813-9F42-58B4EA5421D8\\Exports\\ppc715C8-71B7-4813-9F42-58B4EA5421D8\\Forcite_1\\default (762)\\default (762).xsd","MSForcite_TotalEnergy":92.3744954308682,"ErrorText":"VAMP job failed with:\nTask completed with failure.\n\nFAIL in VAMP.GeometryOptimization (function/property \"Run\")"},
{"Smiles":"COc1cc(C=CCSC[C@@H](C(=O)O)NC(=O)CC[C@@H](C(=O)O)N)cc(c1O)OC","CleanResult":"","MSForcite_OutputDirectory":"E:\\PPS\\web\\jobs\\tdmusho\\ppc715C8-71B7-4813-9F42-58B4EA5421D8\\Exports\\ppc715C8-71B7-4813-9F42-58B4EA5421D8\\Forcite_1\\default (791)","MSForcite_ConvergenceCriteriaMet":"Converged","MSForcite_Structure":"E:\\PPS\\web\\jobs\\tdmusho\\ppc715C8-71B7-4813-9F42-58B4EA5421D8\\Exports\\ppc715C8-71B7-4813-9F42-58B4EA5421D8\\Forcite_1\\default (791)\\default (791).xsd","MSForcite_TotalEnergy":54.1086356673632,"ErrorText":"VAMP job failed with:\nTask completed with failure.\n\nFAIL in VAMP.GeometryOptimization (function/property \"Run\")"},
{"Smiles":"COC(=O)[C@]1(c2ccc(cc2)Br)[C@H]([C@]1(O[Si](C(C)(C)C)(C)C)c1ccccc1)OC","CleanResult":"","MSForcite_OutputDirectory":"E:\\PPS\\web\\jobs\\tdmusho\\ppc715C8-71B7-4813-9F42-58B4EA5421D8\\Exports\\ppc715C8-71B7-4813-9F42-58B4EA5421D8\\Forcite_1\\default (747)","MSForcite_ConvergenceCriteriaMet":"Converged","MSForcite_Structure":"E:\\PPS\\web\\jobs\\tdmusho\\ppc715C8-71B7-4813-9F42-58B4EA5421D8\\Exports\\ppc715C8-71B7-4813-9F42-58B4EA5421D8\\Forcite_1\\default (747)\\default (747).xsd","MSForcite_TotalEnergy":320.890072436175,"ErrorText":"VAMP job failed with:\nTask completed with failure.\n\nFAIL in VAMP.GeometryOptimization (function/property \"Run\")"}
]