﻿[
{"Smiles":"CN(c1ccc(cc1)c1nc2CCc3c(c2c2c1c1ccccc1CC2)cccc3)C","CleanResult":"","MSForcite_OutputDirectory":"E:\\PPS\\web\\jobs\\tdmusho\\ppc715C8-71B7-4813-9F42-58B4EA5421D8\\Exports\\ppc715C8-71B7-4813-9F42-58B4EA5421D8\\Forcite_1\\default (816)","MSForcite_ConvergenceCriteriaMet":"Unconverged","MSForcite_Structure":"E:\\PPS\\web\\jobs\\tdmusho\\ppc715C8-71B7-4813-9F42-58B4EA5421D8\\Exports\\ppc715C8-71B7-4813-9F42-58B4EA5421D8\\Forcite_1\\default (816)\\default (816).xsd","ErrorText":"Convergence criteria has not been met."},
{"Smiles":"COCCNc1ncnc2c1nc(n2Cc1ccccc1)C=Cc1ccc(cc1)C#N","CleanResult":"","MSForcite_OutputDirectory":"E:\\PPS\\web\\jobs\\tdmusho\\ppc715C8-71B7-4813-9F42-58B4EA5421D8\\Exports\\ppc715C8-71B7-4813-9F42-58B4EA5421D8\\Forcite_1\\default (824)","MSForcite_ConvergenceCriteriaMet":"Unconverged","MSForcite_Structure":"E:\\PPS\\web\\jobs\\tdmusho\\ppc715C8-71B7-4813-9F42-58B4EA5421D8\\Exports\\ppc715C8-71B7-4813-9F42-58B4EA5421D8\\Forcite_1\\default (824)\\default (824).xsd","ErrorText":"Convergence criteria has not been met."},
{"Smiles":"CC(=O)Nc1ccc(cc1)C=Cc1ccc(cc1)N(c1ccccc1)c1ccccc1","CleanResult":"","MSForcite_OutputDirectory":"E:\\PPS\\web\\jobs\\tdmusho\\ppc715C8-71B7-4813-9F42-58B4EA5421D8\\Exports\\ppc715C8-71B7-4813-9F42-58B4EA5421D8\\Forcite_1\\default (829)","MSForcite_ConvergenceCriteriaMet":"Unconverged","MSForcite_Structure":"E:\\PPS\\web\\jobs\\tdmusho\\ppc715C8-71B7-4813-9F42-58B4EA5421D8\\Exports\\ppc715C8-71B7-4813-9F42-58B4EA5421D8\\Forcite_1\\default (829)\\default (829).xsd","ErrorText":"Convergence criteria has not been met."},
{"Smiles":"N#Cc1ccc(cc1)N(c1ccc(cc1)c1cccs1)c1ccc(cc1)c1cccs1","CleanResult":"","MSForcite_OutputDirectory":"E:\\PPS\\web\\jobs\\tdmusho\\ppc715C8-71B7-4813-9F42-58B4EA5421D8\\Exports\\ppc715C8-71B7-4813-9F42-58B4EA5421D8\\Forcite_1\\default (830)","MSForcite_ConvergenceCriteriaMet":"Unconverged","MSForcite_Structure":"E:\\PPS\\web\\jobs\\tdmusho\\ppc715C8-71B7-4813-9F42-58B4EA5421D8\\Exports\\ppc715C8-71B7-4813-9F42-58B4EA5421D8\\Forcite_1\\default (830)\\default (830).xsd","ErrorText":"Convergence criteria has not been met."},
{"Smiles":"CC(=CCC(C(=C)C)Cc1c(O)cc2c(c1O)c(=O)cc(o2)c1ccc(cc1O)O)C","CleanResult":"","MSForcite_OutputDirectory":"E:\\PPS\\web\\jobs\\tdmusho\\ppc715C8-71B7-4813-9F42-58B4EA5421D8\\Exports\\ppc715C8-71B7-4813-9F42-58B4EA5421D8\\Forcite_1\\default (831)","MSForcite_ConvergenceCriteriaMet":"Unconverged","MSForcite_Structure":"E:\\PPS\\web\\jobs\\tdmusho\\ppc715C8-71B7-4813-9F42-58B4EA5421D8\\Exports\\ppc715C8-71B7-4813-9F42-58B4EA5421D8\\Forcite_1\\default (831)\\default (831).xsd","ErrorText":"Convergence criteria has not been met."},
{"Smiles":"COc1c(F)c(F)cc2c1c(=O)c(cn2C)C(=O)c1ccccc1Cc1ccccc1","CleanResult":"","MSForcite_OutputDirectory":"E:\\PPS\\web\\jobs\\tdmusho\\ppc715C8-71B7-4813-9F42-58B4EA5421D8\\Exports\\ppc715C8-71B7-4813-9F42-58B4EA5421D8\\Forcite_1\\default (837)","MSForcite_ConvergenceCriteriaMet":"Unconverged","MSForcite_Structure":"E:\\PPS\\web\\jobs\\tdmusho\\ppc715C8-71B7-4813-9F42-58B4EA5421D8\\Exports\\ppc715C8-71B7-4813-9F42-58B4EA5421D8\\Forcite_1\\default (837)\\default (837).xsd","ErrorText":"Convergence criteria has not been met."},
{"Smiles":"CCO[C@H](C(=O)O)Cc1ccc(cc1)OCCN1c2ccccc2Oc2c1cccc2","CleanResult":"","MSForcite_OutputDirectory":"E:\\PPS\\web\\jobs\\tdmusho\\ppc715C8-71B7-4813-9F42-58B4EA5421D8\\Exports\\ppc715C8-71B7-4813-9F42-58B4EA5421D8\\Forcite_1\\default (843)","MSForcite_ConvergenceCriteriaMet":"Unconverged","MSForcite_Structure":"E:\\PPS\\web\\jobs\\tdmusho\\ppc715C8-71B7-4813-9F42-58B4EA5421D8\\Exports\\ppc715C8-71B7-4813-9F42-58B4EA5421D8\\Forcite_1\\default (843)\\default (843).xsd","ErrorText":"Convergence criteria has not been met."},
{"Smiles":"COc1cc2c(=O)c(cn(c2cc1OC)C)C(=O)c1ccccc1Cc1ccccc1","CleanResult":"","MSForcite_OutputDirectory":"E:\\PPS\\web\\jobs\\tdmusho\\ppc715C8-71B7-4813-9F42-58B4EA5421D8\\Exports\\ppc715C8-71B7-4813-9F42-58B4EA5421D8\\Forcite_1\\default (846)","MSForcite_ConvergenceCriteriaMet":"Unconverged","MSForcite_Structure":"E:\\PPS\\web\\jobs\\tdmusho\\ppc715C8-71B7-4813-9F42-58B4EA5421D8\\Exports\\ppc715C8-71B7-4813-9F42-58B4EA5421D8\\Forcite_1\\default (846)\\default (846).xsd","ErrorText":"Convergence criteria has not been met."},
{"Smiles":"O=C1CC(C)(C)CC(=O)C1=CCC(c1ccc(cc1)N(C)C)c1ccc(cc1)N(C)C","CleanResult":"","MSForcite_OutputDirectory":"E:\\PPS\\web\\jobs\\tdmusho\\ppc715C8-71B7-4813-9F42-58B4EA5421D8\\Exports\\ppc715C8-71B7-4813-9F42-58B4EA5421D8\\Forcite_1\\default (849)","MSForcite_ConvergenceCriteriaMet":"Unconverged","MSForcite_Structure":"E:\\PPS\\web\\jobs\\tdmusho\\ppc715C8-71B7-4813-9F42-58B4EA5421D8\\Exports\\ppc715C8-71B7-4813-9F42-58B4EA5421D8\\Forcite_1\\default (849)\\default (849).xsd","ErrorText":"Convergence criteria has not been met."},
{"Smiles":"OC(=O)CN1C(=S)SC(=Cc2ccc(cc2)N(c2ccccc2)c2ccccc2)C1=O","CleanResult":"","MSForcite_OutputDirectory":"E:\\PPS\\web\\jobs\\tdmusho\\ppc715C8-71B7-4813-9F42-58B4EA5421D8\\Exports\\ppc715C8-71B7-4813-9F42-58B4EA5421D8\\Forcite_1\\default (859)","MSForcite_ConvergenceCriteriaMet":"Unconverged","MSForcite_Structure":"E:\\PPS\\web\\jobs\\tdmusho\\ppc715C8-71B7-4813-9F42-58B4EA5421D8\\Exports\\ppc715C8-71B7-4813-9F42-58B4EA5421D8\\Forcite_1\\default (859)\\default (859).xsd","ErrorText":"Convergence criteria has not been met."},
{"Smiles":"c1ccc(cc1)N(c1ccccc1)c1ccc(cc1)C=C(c1[nH]nnn1)c1[nH]nnn1","CleanResult":"","MSForcite_OutputDirectory":"E:\\PPS\\web\\jobs\\tdmusho\\ppc715C8-71B7-4813-9F42-58B4EA5421D8\\Exports\\ppc715C8-71B7-4813-9F42-58B4EA5421D8\\Forcite_1\\default (861)","MSForcite_ConvergenceCriteriaMet":"Unconverged","MSForcite_Structure":"E:\\PPS\\web\\jobs\\tdmusho\\ppc715C8-71B7-4813-9F42-58B4EA5421D8\\Exports\\ppc715C8-71B7-4813-9F42-58B4EA5421D8\\Forcite_1\\default (861)\\default (861).xsd","ErrorText":"Convergence criteria has not been met."},
{"Smiles":"Cc1ccc(cc1)N(c1ccccc1)c1ccc(cc1)C=CC(=O)c1cc(sc1C)C","CleanResult":"","MSForcite_OutputDirectory":"E:\\PPS\\web\\jobs\\tdmusho\\ppc715C8-71B7-4813-9F42-58B4EA5421D8\\Exports\\ppc715C8-71B7-4813-9F42-58B4EA5421D8\\Forcite_1\\default (866)","MSForcite_ConvergenceCriteriaMet":"Unconverged","MSForcite_Structure":"E:\\PPS\\web\\jobs\\tdmusho\\ppc715C8-71B7-4813-9F42-58B4EA5421D8\\Exports\\ppc715C8-71B7-4813-9F42-58B4EA5421D8\\Forcite_1\\default (866)\\default (866).xsd","ErrorText":"Convergence criteria has not been met."},
{"Smiles":"Clc1cccc2c1c(C#Cc1ccccc1)c1c(c2C#Cc2ccccc2)cccc1","CleanResult":"","MSForcite_OutputDirectory":"E:\\PPS\\web\\jobs\\tdmusho\\ppc715C8-71B7-4813-9F42-58B4EA5421D8\\Exports\\ppc715C8-71B7-4813-9F42-58B4EA5421D8\\Forcite_1\\default (867)","MSForcite_ConvergenceCriteriaMet":"Unconverged","MSForcite_Structure":"E:\\PPS\\web\\jobs\\tdmusho\\ppc715C8-71B7-4813-9F42-58B4EA5421D8\\Exports\\ppc715C8-71B7-4813-9F42-58B4EA5421D8\\Forcite_1\\default (867)\\default (867).xsd","ErrorText":"Convergence criteria has not been met."},
{"Smiles":"Clc1ccc2c(c1)c(C#Cc1ccccc1)c1c(c2C#Cc2ccccc2)cccc1","CleanResult":"","MSForcite_OutputDirectory":"E:\\PPS\\web\\jobs\\tdmusho\\ppc715C8-71B7-4813-9F42-58B4EA5421D8\\Exports\\ppc715C8-71B7-4813-9F42-58B4EA5421D8\\Forcite_1\\default (870)","MSForcite_ConvergenceCriteriaMet":"Unconverged","MSForcite_Structure":"E:\\PPS\\web\\jobs\\tdmusho\\ppc715C8-71B7-4813-9F42-58B4EA5421D8\\Exports\\ppc715C8-71B7-4813-9F42-58B4EA5421D8\\Forcite_1\\default (870)\\default (870).xsd","ErrorText":"Convergence criteria has not been met."},
{"Smiles":"Cc1cc(C=Nc2c(C)cccc2C)c(c(c1)C(c1ccccc1)c1ccccc1)O","CleanResult":"","MSForcite_OutputDirectory":"E:\\PPS\\web\\jobs\\tdmusho\\ppc715C8-71B7-4813-9F42-58B4EA5421D8\\Exports\\ppc715C8-71B7-4813-9F42-58B4EA5421D8\\Forcite_1\\default (871)","MSForcite_ConvergenceCriteriaMet":"Unconverged","MSForcite_Structure":"E:\\PPS\\web\\jobs\\tdmusho\\ppc715C8-71B7-4813-9F42-58B4EA5421D8\\Exports\\ppc715C8-71B7-4813-9F42-58B4EA5421D8\\Forcite_1\\default (871)\\default (871).xsd","ErrorText":"Convergence criteria has not been met."},
{"Smiles":"Cc1cc(C(c2ccccc2)c2ccccc2)c(c(c1)c1nc2c(n1C)cccc2)O","CleanResult":"","MSForcite_OutputDirectory":"E:\\PPS\\web\\jobs\\tdmusho\\ppc715C8-71B7-4813-9F42-58B4EA5421D8\\Exports\\ppc715C8-71B7-4813-9F42-58B4EA5421D8\\Forcite_1\\default (877)","MSForcite_ConvergenceCriteriaMet":"Unconverged","MSForcite_Structure":"E:\\PPS\\web\\jobs\\tdmusho\\ppc715C8-71B7-4813-9F42-58B4EA5421D8\\Exports\\ppc715C8-71B7-4813-9F42-58B4EA5421D8\\Forcite_1\\default (877)\\default (877).xsd","ErrorText":"Convergence criteria has not been met."},
{"Smiles":"CC(=O)Sc1ccc(cc1)C#Cc1ccc(cc1)n1c2ccccc2c2c1cccc2","CleanResult":"","MSForcite_OutputDirectory":"E:\\PPS\\web\\jobs\\tdmusho\\ppc715C8-71B7-4813-9F42-58B4EA5421D8\\Exports\\ppc715C8-71B7-4813-9F42-58B4EA5421D8\\Forcite_1\\default (879)","MSForcite_ConvergenceCriteriaMet":"Unconverged","MSForcite_Structure":"E:\\PPS\\web\\jobs\\tdmusho\\ppc715C8-71B7-4813-9F42-58B4EA5421D8\\Exports\\ppc715C8-71B7-4813-9F42-58B4EA5421D8\\Forcite_1\\default (879)\\default (879).xsd","ErrorText":"Convergence criteria has not been met."},
{"Smiles":"COc1ccc(cc1)c1c2ccccc2c(c2c1cc(Cl)cc2)c1ccc(cc1)OC","CleanResult":"","MSForcite_OutputDirectory":"E:\\PPS\\web\\jobs\\tdmusho\\ppc715C8-71B7-4813-9F42-58B4EA5421D8\\Exports\\ppc715C8-71B7-4813-9F42-58B4EA5421D8\\Forcite_1\\default (888)","MSForcite_ConvergenceCriteriaMet":"Unconverged","MSForcite_Structure":"E:\\PPS\\web\\jobs\\tdmusho\\ppc715C8-71B7-4813-9F42-58B4EA5421D8\\Exports\\ppc715C8-71B7-4813-9F42-58B4EA5421D8\\Forcite_1\\default (888)\\default (888).xsd","ErrorText":"Convergence criteria has not been met."},
{"Smiles":"C[C@H](N(C(=O)c1cc2ccccc2cc1c1cc2ccccc2cc1C(=O)OC)C)C","CleanResult":"","MSForcite_OutputDirectory":"E:\\PPS\\web\\jobs\\tdmusho\\ppc715C8-71B7-4813-9F42-58B4EA5421D8\\Exports\\ppc715C8-71B7-4813-9F42-58B4EA5421D8\\Forcite_1\\default (890)","MSForcite_ConvergenceCriteriaMet":"Unconverged","MSForcite_Structure":"E:\\PPS\\web\\jobs\\tdmusho\\ppc715C8-71B7-4813-9F42-58B4EA5421D8\\Exports\\ppc715C8-71B7-4813-9F42-58B4EA5421D8\\Forcite_1\\default (890)\\default (890).xsd","ErrorText":"Convergence criteria has not been met."},
{"Smiles":"C(Cn1c2ccc(cc2c2c1ccc(c2)C#Cc1cccs1)C#Cc1cccs1)CC","CleanResult":"","MSForcite_OutputDirectory":"E:\\PPS\\web\\jobs\\tdmusho\\ppc715C8-71B7-4813-9F42-58B4EA5421D8\\Exports\\ppc715C8-71B7-4813-9F42-58B4EA5421D8\\Forcite_1\\default (901)","MSForcite_ConvergenceCriteriaMet":"Unconverged","MSForcite_Structure":"E:\\PPS\\web\\jobs\\tdmusho\\ppc715C8-71B7-4813-9F42-58B4EA5421D8\\Exports\\ppc715C8-71B7-4813-9F42-58B4EA5421D8\\Forcite_1\\default (901)\\default (901).xsd","ErrorText":"Convergence criteria has not been met."},
{"Smiles":"c1ccc2c(c1)cc(cc2)C#Cc1ccc(cc1)n1c2ccccc2c2c1cccc2","CleanResult":"","MSForcite_OutputDirectory":"E:\\PPS\\web\\jobs\\tdmusho\\ppc715C8-71B7-4813-9F42-58B4EA5421D8\\Exports\\ppc715C8-71B7-4813-9F42-58B4EA5421D8\\Forcite_1\\default (905)","MSForcite_ConvergenceCriteriaMet":"Unconverged","MSForcite_Structure":"E:\\PPS\\web\\jobs\\tdmusho\\ppc715C8-71B7-4813-9F42-58B4EA5421D8\\Exports\\ppc715C8-71B7-4813-9F42-58B4EA5421D8\\Forcite_1\\default (905)\\default (905).xsd","ErrorText":"Convergence criteria has not been met."},
{"Smiles":"C[C@@H](N(C(=O)c1cc2ccccc2cc1c1cc2ccccc2cc1C(=O)OC)C)C","CleanResult":"","MSForcite_OutputDirectory":"E:\\PPS\\web\\jobs\\tdmusho\\ppc715C8-71B7-4813-9F42-58B4EA5421D8\\Exports\\ppc715C8-71B7-4813-9F42-58B4EA5421D8\\Forcite_1\\default (907)","MSForcite_ConvergenceCriteriaMet":"Unconverged","MSForcite_Structure":"E:\\PPS\\web\\jobs\\tdmusho\\ppc715C8-71B7-4813-9F42-58B4EA5421D8\\Exports\\ppc715C8-71B7-4813-9F42-58B4EA5421D8\\Forcite_1\\default (907)\\default (907).xsd","ErrorText":"Convergence criteria has not been met."},
{"Smiles":"CCOC(=O)C1=C(NC(=O)C1=NNc1ccc(cc1)C#N)c1ccc2c(c1)cccc2","CleanResult":"","MSForcite_OutputDirectory":"E:\\PPS\\web\\jobs\\tdmusho\\ppc715C8-71B7-4813-9F42-58B4EA5421D8\\Exports\\ppc715C8-71B7-4813-9F42-58B4EA5421D8\\Forcite_1\\default (908)","MSForcite_ConvergenceCriteriaMet":"Unconverged","MSForcite_Structure":"E:\\PPS\\web\\jobs\\tdmusho\\ppc715C8-71B7-4813-9F42-58B4EA5421D8\\Exports\\ppc715C8-71B7-4813-9F42-58B4EA5421D8\\Forcite_1\\default (908)\\default (908).xsd","ErrorText":"Convergence criteria has not been met."}
]