﻿[
{"Smiles":"N#Cc1cc(NCCc2cccc(c2)F)c2c(c1N)C(=O)c1c(C2=O)cccc1","CleanResult":"","MSForcite_OutputDirectory":"E:\\PPS\\web\\jobs\\tdmusho\\ppc715C8-71B7-4813-9F42-58B4EA5421D8\\Exports\\ppc715C8-71B7-4813-9F42-58B4EA5421D8\\Forcite_1\\default (407)","MSForcite_ConvergenceCriteriaMet":"Converged","MSForcite_Structure":"E:\\PPS\\web\\jobs\\tdmusho\\ppc715C8-71B7-4813-9F42-58B4EA5421D8\\Exports\\ppc715C8-71B7-4813-9F42-58B4EA5421D8\\Forcite_1\\default (407)\\default (407).xsd","MSForcite_TotalEnergy":67.8882854097648,"ErrorText":"VAMP job failed with:\nTask completed with failure.\n\nFAIL in VAMP.GeometryOptimization (function/property \"Run\")"},
{"Smiles":"Fc1ccccc1c1nc2CCc3c(c2c2c1c1ccccc1CC2)cccc3","CleanResult":"","MSForcite_OutputDirectory":"E:\\PPS\\web\\jobs\\tdmusho\\ppc715C8-71B7-4813-9F42-58B4EA5421D8\\Exports\\ppc715C8-71B7-4813-9F42-58B4EA5421D8\\Forcite_1\\default (409)","MSForcite_ConvergenceCriteriaMet":"Converged","MSForcite_Structure":"E:\\PPS\\web\\jobs\\tdmusho\\ppc715C8-71B7-4813-9F42-58B4EA5421D8\\Exports\\ppc715C8-71B7-4813-9F42-58B4EA5421D8\\Forcite_1\\default (409)\\default (409).xsd","MSForcite_TotalEnergy":89.6547156381464,"ErrorText":"VAMP job failed with:\nTask completed with failure.\n\nFAIL in VAMP.GeometryOptimization (function/property \"Run\")"},
{"Smiles":"Cc1cc(ccc1NN=C1C(=O)C=Cc2c1cccc2)N=Nc1ccccc1C","CleanResult":"","MSForcite_OutputDirectory":"E:\\PPS\\web\\jobs\\tdmusho\\ppc715C8-71B7-4813-9F42-58B4EA5421D8\\Exports\\ppc715C8-71B7-4813-9F42-58B4EA5421D8\\Forcite_1\\default (420)","MSForcite_ConvergenceCriteriaMet":"Converged","MSForcite_Structure":"E:\\PPS\\web\\jobs\\tdmusho\\ppc715C8-71B7-4813-9F42-58B4EA5421D8\\Exports\\ppc715C8-71B7-4813-9F42-58B4EA5421D8\\Forcite_1\\default (420)\\default (420).xsd","MSForcite_TotalEnergy":60.567701584444,"ErrorText":"VAMP job failed with:\nTask completed with failure.\n\nFAIL in VAMP.GeometryOptimization (function/property \"Run\")"},
{"Smiles":"O=c1oc2c(c(c1)C(C(F)(F)F)(F)F)cc1c3c2C(C)(C)CCN3CCC1(C)C","CleanResult":"","MSForcite_OutputDirectory":"E:\\PPS\\web\\jobs\\tdmusho\\ppc715C8-71B7-4813-9F42-58B4EA5421D8\\Exports\\ppc715C8-71B7-4813-9F42-58B4EA5421D8\\Forcite_1\\default (422)","MSForcite_ConvergenceCriteriaMet":"Converged","MSForcite_Structure":"E:\\PPS\\web\\jobs\\tdmusho\\ppc715C8-71B7-4813-9F42-58B4EA5421D8\\Exports\\ppc715C8-71B7-4813-9F42-58B4EA5421D8\\Forcite_1\\default (422)\\default (422).xsd","MSForcite_TotalEnergy":67.271686939709,"ErrorText":"VAMP job failed with:\nTask completed with failure.\n\nFAIL in VAMP.GeometryOptimization (function/property \"Run\")"},
{"Smiles":"CCN(c1ccc(c(c1)C)C=C1CCC(=Cc2ccc(cc2)N(C)C)C1=O)CC","CleanResult":"","MSForcite_OutputDirectory":"E:\\PPS\\web\\jobs\\tdmusho\\ppc715C8-71B7-4813-9F42-58B4EA5421D8\\Exports\\ppc715C8-71B7-4813-9F42-58B4EA5421D8\\Forcite_1\\default (411)","MSForcite_ConvergenceCriteriaMet":"Converged","MSForcite_Structure":"E:\\PPS\\web\\jobs\\tdmusho\\ppc715C8-71B7-4813-9F42-58B4EA5421D8\\Exports\\ppc715C8-71B7-4813-9F42-58B4EA5421D8\\Forcite_1\\default (411)\\default (411).xsd","MSForcite_TotalEnergy":81.9963351478996,"ErrorText":"VAMP job failed with:\nTask completed with failure.\n\nFAIL in VAMP.GeometryOptimization (function/property \"Run\")"},
{"Smiles":"O=C1N(C)CC(=O)N2[C@@H]1CC1=c3ccccc3=NC1[C@H]2c1ccc2c(c1)OCO2","CleanResult":"","MSForcite_OutputDirectory":"E:\\PPS\\web\\jobs\\tdmusho\\ppc715C8-71B7-4813-9F42-58B4EA5421D8\\Exports\\ppc715C8-71B7-4813-9F42-58B4EA5421D8\\Forcite_1\\default (425)","MSForcite_ConvergenceCriteriaMet":"Converged","MSForcite_Structure":"E:\\PPS\\web\\jobs\\tdmusho\\ppc715C8-71B7-4813-9F42-58B4EA5421D8\\Exports\\ppc715C8-71B7-4813-9F42-58B4EA5421D8\\Forcite_1\\default (425)\\default (425).xsd","MSForcite_TotalEnergy":91.2718233594676,"ErrorText":"VAMP job failed with:\nTask completed with failure.\n\nFAIL in VAMP.GeometryOptimization (function/property \"Run\")"},
{"Smiles":"Fc1ccc(cc1)C(C1=C(O)C(=O)c2c(C1=O)cccc2)Nc1ccc(cc1)C","CleanResult":"","MSForcite_OutputDirectory":"E:\\PPS\\web\\jobs\\tdmusho\\ppc715C8-71B7-4813-9F42-58B4EA5421D8\\Exports\\ppc715C8-71B7-4813-9F42-58B4EA5421D8\\Forcite_1\\default (446)","MSForcite_ConvergenceCriteriaMet":"Converged","MSForcite_Structure":"E:\\PPS\\web\\jobs\\tdmusho\\ppc715C8-71B7-4813-9F42-58B4EA5421D8\\Exports\\ppc715C8-71B7-4813-9F42-58B4EA5421D8\\Forcite_1\\default (446)\\default (446).xsd","MSForcite_TotalEnergy":57.0310975914854,"ErrorText":"VAMP job failed with:\nTask completed with failure.\n\nFAIL in VAMP.GeometryOptimization (function/property \"Run\")"},
{"Smiles":"Oc1ccc(cc1)c1c2ccccc2c(c2c1cc(Cl)cc2)c1ccc(cc1)O","CleanResult":"","MSForcite_OutputDirectory":"E:\\PPS\\web\\jobs\\tdmusho\\ppc715C8-71B7-4813-9F42-58B4EA5421D8\\Exports\\ppc715C8-71B7-4813-9F42-58B4EA5421D8\\Forcite_1\\default (418)","MSForcite_ConvergenceCriteriaMet":"Converged","MSForcite_Structure":"E:\\PPS\\web\\jobs\\tdmusho\\ppc715C8-71B7-4813-9F42-58B4EA5421D8\\Exports\\ppc715C8-71B7-4813-9F42-58B4EA5421D8\\Forcite_1\\default (418)\\default (418).xsd","MSForcite_TotalEnergy":84.0712399739665,"ErrorText":"VAMP job failed with:\nTask completed with failure.\n\nFAIL in VAMP.GeometryOptimization (function/property \"Run\")"},
{"Smiles":"FC(C(C(C(C(S(=O)(=O)[O-])(F)F)(F)F)(F)F)(F)F)(C(C(C(F)(F)F)(F)F)(F)F)F","CleanResult":"","MSForcite_OutputDirectory":"E:\\PPS\\web\\jobs\\tdmusho\\ppc715C8-71B7-4813-9F42-58B4EA5421D8\\Exports\\ppc715C8-71B7-4813-9F42-58B4EA5421D8\\Forcite_1\\default (479)","MSForcite_ConvergenceCriteriaMet":"Converged","MSForcite_Structure":"E:\\PPS\\web\\jobs\\tdmusho\\ppc715C8-71B7-4813-9F42-58B4EA5421D8\\Exports\\ppc715C8-71B7-4813-9F42-58B4EA5421D8\\Forcite_1\\default (479)\\default (479).xsd","MSForcite_TotalEnergy":106.339708899998,"ErrorText":"VAMP job failed with:\nTask completed with failure.\n\nFAIL in VAMP.GeometryOptimization (function/property \"Run\")"},
{"Smiles":"[CH-]1C=CC=C1.C1=C[C-](C=C1)C=Cc1nnc(o1)c1onc(n1)c1ccccc1.[Fe+2]","CleanResult":"","MSForcite_OutputDirectory":"E:\\PPS\\web\\jobs\\tdmusho\\ppc715C8-71B7-4813-9F42-58B4EA5421D8\\Exports\\ppc715C8-71B7-4813-9F42-58B4EA5421D8\\Forcite_1\\default (480)","MSForcite_ConvergenceCriteriaMet":"Converged","MSForcite_Structure":"E:\\PPS\\web\\jobs\\tdmusho\\ppc715C8-71B7-4813-9F42-58B4EA5421D8\\Exports\\ppc715C8-71B7-4813-9F42-58B4EA5421D8\\Forcite_1\\default (480)\\default (480).xsd","MSForcite_TotalEnergy":127.472287118161,"ErrorText":"VAMP job failed with:\nTask completed with failure.\n\nFAIL in VAMP.GeometryOptimization (function/property \"Run\")"},
{"Smiles":"Ic1nc(C=Cc2ccc(cc2)N(C)C)cc(n1)C=Cc1ccc(cc1)N(C)C","CleanResult":"","MSForcite_OutputDirectory":"E:\\PPS\\web\\jobs\\tdmusho\\ppc715C8-71B7-4813-9F42-58B4EA5421D8\\Exports\\ppc715C8-71B7-4813-9F42-58B4EA5421D8\\Forcite_1\\default (459)","MSForcite_ConvergenceCriteriaMet":"Converged","MSForcite_Structure":"E:\\PPS\\web\\jobs\\tdmusho\\ppc715C8-71B7-4813-9F42-58B4EA5421D8\\Exports\\ppc715C8-71B7-4813-9F42-58B4EA5421D8\\Forcite_1\\default (459)\\default (459).xsd","MSForcite_TotalEnergy":63.3552759682882,"ErrorText":"VAMP job failed with:\nTask completed with failure.\n\nFAIL in VAMP.GeometryOptimization (function/property \"Run\")"},
{"Smiles":"[CH-]1C=CC=C1.Clc1ccc(nn1)N1N=C(CC1c1ccccc1)[C-]1C=CC=C1.[Fe+2]","CleanResult":"","MSForcite_OutputDirectory":"E:\\PPS\\web\\jobs\\tdmusho\\ppc715C8-71B7-4813-9F42-58B4EA5421D8\\Exports\\ppc715C8-71B7-4813-9F42-58B4EA5421D8\\Forcite_1\\default (487)","MSForcite_ConvergenceCriteriaMet":"Converged","MSForcite_Structure":"E:\\PPS\\web\\jobs\\tdmusho\\ppc715C8-71B7-4813-9F42-58B4EA5421D8\\Exports\\ppc715C8-71B7-4813-9F42-58B4EA5421D8\\Forcite_1\\default (487)\\default (487).xsd","MSForcite_TotalEnergy":92.9129985481843,"ErrorText":"VAMP job failed with:\nTask completed with failure.\n\nFAIL in VAMP.GeometryOptimization (function/property \"Run\")"}
]