﻿[
{"Smiles":"O=C(c1ncnc(c1)C(=O)NCc1ccc(c(c1)C)F)NCc1ccc(c(c1)C)F","CleanResult":"","MSForcite_OutputDirectory":"E:\\PPS\\web\\jobs\\tdmusho\\ppc715C8-71B7-4813-9F42-58B4EA5421D8\\Exports\\ppc715C8-71B7-4813-9F42-58B4EA5421D8\\Forcite_1\\default (509)","MSForcite_ConvergenceCriteriaMet":"Converged","MSForcite_Structure":"E:\\PPS\\web\\jobs\\tdmusho\\ppc715C8-71B7-4813-9F42-58B4EA5421D8\\Exports\\ppc715C8-71B7-4813-9F42-58B4EA5421D8\\Forcite_1\\default (509)\\default (509).xsd","MSForcite_TotalEnergy":54.1883897818981,"ErrorText":"VAMP job failed with:\nTask completed with failure.\n\nFAIL in VAMP.GeometryOptimization (function/property \"Run\")"},
{"Smiles":"Oc1ccc(cc1)Cc1nc2n(c1=O)cc([nH]c2c1ccccc1)c1ccccc1","CleanResult":"","MSForcite_OutputDirectory":"E:\\PPS\\web\\jobs\\tdmusho\\ppc715C8-71B7-4813-9F42-58B4EA5421D8\\Exports\\ppc715C8-71B7-4813-9F42-58B4EA5421D8\\Forcite_1\\default (515)","MSForcite_ConvergenceCriteriaMet":"Converged","MSForcite_Structure":"E:\\PPS\\web\\jobs\\tdmusho\\ppc715C8-71B7-4813-9F42-58B4EA5421D8\\Exports\\ppc715C8-71B7-4813-9F42-58B4EA5421D8\\Forcite_1\\default (515)\\default (515).xsd","MSForcite_TotalEnergy":97.0986247818395,"ErrorText":"VAMP job failed with:\nTask completed with failure.\n\nFAIL in VAMP.GeometryOptimization (function/property \"Run\")"},
{"Smiles":"O=C(C(NC(=O)c1ccccc1)Cc1ccc(cc1)O)Nc1ccc(cc1)C(=O)O","CleanResult":"","MSForcite_OutputDirectory":"E:\\PPS\\web\\jobs\\tdmusho\\ppc715C8-71B7-4813-9F42-58B4EA5421D8\\Exports\\ppc715C8-71B7-4813-9F42-58B4EA5421D8\\Forcite_1\\default (516)","MSForcite_ConvergenceCriteriaMet":"Converged","MSForcite_Structure":"E:\\PPS\\web\\jobs\\tdmusho\\ppc715C8-71B7-4813-9F42-58B4EA5421D8\\Exports\\ppc715C8-71B7-4813-9F42-58B4EA5421D8\\Forcite_1\\default (516)\\default (516).xsd","MSForcite_TotalEnergy":60.7437032530579,"ErrorText":"VAMP job failed with:\nTask completed with failure.\n\nFAIL in VAMP.GeometryOptimization (function/property \"Run\")"},
{"Smiles":"CCOc1nc2c(c(c1C#N)c1ccc(cc1)N1CCOCC1)Cc1c2cccc1","CleanResult":"","MSForcite_OutputDirectory":"E:\\PPS\\web\\jobs\\tdmusho\\ppc715C8-71B7-4813-9F42-58B4EA5421D8\\Exports\\ppc715C8-71B7-4813-9F42-58B4EA5421D8\\Forcite_1\\default (508)","MSForcite_ConvergenceCriteriaMet":"Converged","MSForcite_Structure":"E:\\PPS\\web\\jobs\\tdmusho\\ppc715C8-71B7-4813-9F42-58B4EA5421D8\\Exports\\ppc715C8-71B7-4813-9F42-58B4EA5421D8\\Forcite_1\\default (508)\\default (508).xsd","MSForcite_TotalEnergy":96.9913104292526,"ErrorText":"VAMP job failed with:\nTask completed with failure.\n\nFAIL in VAMP.GeometryOptimization (function/property \"Run\")"},
{"Smiles":"O=C1CCC(=C1c1ccc(cc1)N1CCOCC1)c1ccc(cc1)N1CCOCC1","CleanResult":"","MSForcite_OutputDirectory":"E:\\PPS\\web\\jobs\\tdmusho\\ppc715C8-71B7-4813-9F42-58B4EA5421D8\\Exports\\ppc715C8-71B7-4813-9F42-58B4EA5421D8\\Forcite_1\\default (528)","MSForcite_ConvergenceCriteriaMet":"Converged","MSForcite_Structure":"E:\\PPS\\web\\jobs\\tdmusho\\ppc715C8-71B7-4813-9F42-58B4EA5421D8\\Exports\\ppc715C8-71B7-4813-9F42-58B4EA5421D8\\Forcite_1\\default (528)\\default (528).xsd","MSForcite_TotalEnergy":86.4584918479779,"ErrorText":"VAMP job failed with:\nTask completed with failure.\n\nFAIL in VAMP.GeometryOptimization (function/property \"Run\")"},
{"Smiles":"NCc1cccc(c1)C1CCN(CC1)C(=O)c1cncc(c1)CCc1ccccc1","CleanResult":"","MSForcite_OutputDirectory":"E:\\PPS\\web\\jobs\\tdmusho\\ppc715C8-71B7-4813-9F42-58B4EA5421D8\\Exports\\ppc715C8-71B7-4813-9F42-58B4EA5421D8\\Forcite_1\\default (530)","MSForcite_ConvergenceCriteriaMet":"Converged","MSForcite_Structure":"E:\\PPS\\web\\jobs\\tdmusho\\ppc715C8-71B7-4813-9F42-58B4EA5421D8\\Exports\\ppc715C8-71B7-4813-9F42-58B4EA5421D8\\Forcite_1\\default (530)\\default (530).xsd","MSForcite_TotalEnergy":64.5069667838741,"ErrorText":"VAMP job failed with:\nTask completed with failure.\n\nFAIL in VAMP.GeometryOptimization (function/property \"Run\")"},
{"Smiles":"O=C(c1cccc(n1)C(=O)CC(=O)c1ccc(cc1)C)CC(=O)c1ccc(cc1)C","CleanResult":"","MSForcite_OutputDirectory":"E:\\PPS\\web\\jobs\\tdmusho\\ppc715C8-71B7-4813-9F42-58B4EA5421D8\\Exports\\ppc715C8-71B7-4813-9F42-58B4EA5421D8\\Forcite_1\\default (537)","MSForcite_ConvergenceCriteriaMet":"Converged","MSForcite_Structure":"E:\\PPS\\web\\jobs\\tdmusho\\ppc715C8-71B7-4813-9F42-58B4EA5421D8\\Exports\\ppc715C8-71B7-4813-9F42-58B4EA5421D8\\Forcite_1\\default (537)\\default (537).xsd","MSForcite_TotalEnergy":57.3225955306508,"ErrorText":"VAMP job failed with:\nTask completed with failure.\n\nFAIL in VAMP.GeometryOptimization (function/property \"Run\")"},
{"Smiles":"N#CC(=Cc1ccc(cc1)C)c1ccc(cc1)N(c1ccccc1)c1ccccc1","CleanResult":"","MSForcite_OutputDirectory":"E:\\PPS\\web\\jobs\\tdmusho\\ppc715C8-71B7-4813-9F42-58B4EA5421D8\\Exports\\ppc715C8-71B7-4813-9F42-58B4EA5421D8\\Forcite_1\\default (539)","MSForcite_ConvergenceCriteriaMet":"Converged","MSForcite_Structure":"E:\\PPS\\web\\jobs\\tdmusho\\ppc715C8-71B7-4813-9F42-58B4EA5421D8\\Exports\\ppc715C8-71B7-4813-9F42-58B4EA5421D8\\Forcite_1\\default (539)\\default (539).xsd","MSForcite_TotalEnergy":77.7881717410276,"ErrorText":"VAMP job failed with:\nTask completed with failure.\n\nFAIL in VAMP.GeometryOptimization (function/property \"Run\")"},
{"Smiles":"O=Cc1ccc(cc1)Oc1ccc2c3c1cccc3c(=O)n(c2=O)CCOC(=O)C","CleanResult":"","MSForcite_OutputDirectory":"E:\\PPS\\web\\jobs\\tdmusho\\ppc715C8-71B7-4813-9F42-58B4EA5421D8\\Exports\\ppc715C8-71B7-4813-9F42-58B4EA5421D8\\Forcite_1\\default (543)","MSForcite_ConvergenceCriteriaMet":"Converged","MSForcite_Structure":"E:\\PPS\\web\\jobs\\tdmusho\\ppc715C8-71B7-4813-9F42-58B4EA5421D8\\Exports\\ppc715C8-71B7-4813-9F42-58B4EA5421D8\\Forcite_1\\default (543)\\default (543).xsd","MSForcite_TotalEnergy":69.8599012623633,"ErrorText":"VAMP job failed with:\nTask completed with failure.\n\nFAIL in VAMP.GeometryOptimization (function/property \"Run\")"},
{"Smiles":"O=Cc1c(C)c2C=CC3(Oc2c2c1oc(=O)cc2C)N(C)c1c(C3(C)C)cccc1","CleanResult":"","MSForcite_OutputDirectory":"E:\\PPS\\web\\jobs\\tdmusho\\ppc715C8-71B7-4813-9F42-58B4EA5421D8\\Exports\\ppc715C8-71B7-4813-9F42-58B4EA5421D8\\Forcite_1\\default (555)","MSForcite_ConvergenceCriteriaMet":"Converged","MSForcite_Structure":"E:\\PPS\\web\\jobs\\tdmusho\\ppc715C8-71B7-4813-9F42-58B4EA5421D8\\Exports\\ppc715C8-71B7-4813-9F42-58B4EA5421D8\\Forcite_1\\default (555)\\default (555).xsd","MSForcite_TotalEnergy":93.8829259263609,"ErrorText":"VAMP job failed with:\nTask completed with failure.\n\nFAIL in VAMP.GeometryOptimization (function/property \"Run\")"},
{"Smiles":"COc1ccc2c(c1)C(c1ccccc1)(c1ccccc1)c1c(N2)ccc(c1)OC","CleanResult":"","MSForcite_OutputDirectory":"E:\\PPS\\web\\jobs\\tdmusho\\ppc715C8-71B7-4813-9F42-58B4EA5421D8\\Exports\\ppc715C8-71B7-4813-9F42-58B4EA5421D8\\Forcite_1\\default (565)","MSForcite_ConvergenceCriteriaMet":"Converged","MSForcite_Structure":"E:\\PPS\\web\\jobs\\tdmusho\\ppc715C8-71B7-4813-9F42-58B4EA5421D8\\Exports\\ppc715C8-71B7-4813-9F42-58B4EA5421D8\\Forcite_1\\default (565)\\default (565).xsd","MSForcite_TotalEnergy":82.5228936737151,"ErrorText":"VAMP job failed with:\nTask completed with failure.\n\nFAIL in VAMP.GeometryOptimization (function/property \"Run\")"},
{"Smiles":"c1ccc2c(c1)cc(cc2)N=Cc1ccc(cc1)C=Nc1ccc2c(c1)cccc2","CleanResult":"","MSForcite_OutputDirectory":"E:\\PPS\\web\\jobs\\tdmusho\\ppc715C8-71B7-4813-9F42-58B4EA5421D8\\Exports\\ppc715C8-71B7-4813-9F42-58B4EA5421D8\\Forcite_1\\default (571)","MSForcite_ConvergenceCriteriaMet":"Converged","MSForcite_Structure":"E:\\PPS\\web\\jobs\\tdmusho\\ppc715C8-71B7-4813-9F42-58B4EA5421D8\\Exports\\ppc715C8-71B7-4813-9F42-58B4EA5421D8\\Forcite_1\\default (571)\\default (571).xsd","MSForcite_TotalEnergy":68.796673442682,"ErrorText":"VAMP job failed with:\nTask completed with failure.\n\nFAIL in VAMP.GeometryOptimization (function/property \"Run\")"},
{"Smiles":"O=C(c1cn(C)c2c(c1=O)c(F)c(c(c2)F)F)c1ccccc1Cc1ccccc1","CleanResult":"","MSForcite_OutputDirectory":"E:\\PPS\\web\\jobs\\tdmusho\\ppc715C8-71B7-4813-9F42-58B4EA5421D8\\Exports\\ppc715C8-71B7-4813-9F42-58B4EA5421D8\\Forcite_1\\default (581)","MSForcite_ConvergenceCriteriaMet":"Converged","MSForcite_Structure":"E:\\PPS\\web\\jobs\\tdmusho\\ppc715C8-71B7-4813-9F42-58B4EA5421D8\\Exports\\ppc715C8-71B7-4813-9F42-58B4EA5421D8\\Forcite_1\\default (581)\\default (581).xsd","MSForcite_TotalEnergy":62.7410326745772,"ErrorText":"VAMP job failed with:\nTask completed with failure.\n\nFAIL in VAMP.GeometryOptimization (function/property \"Run\")"},
{"Smiles":"N#Cc1cc(Nc2cccc3c2cccc3)c2c(c1N)C(=O)c1c(C2=O)cccc1","CleanResult":"","MSForcite_OutputDirectory":"E:\\PPS\\web\\jobs\\tdmusho\\ppc715C8-71B7-4813-9F42-58B4EA5421D8\\Exports\\ppc715C8-71B7-4813-9F42-58B4EA5421D8\\Forcite_1\\default (588)","MSForcite_ConvergenceCriteriaMet":"Converged","MSForcite_Structure":"E:\\PPS\\web\\jobs\\tdmusho\\ppc715C8-71B7-4813-9F42-58B4EA5421D8\\Exports\\ppc715C8-71B7-4813-9F42-58B4EA5421D8\\Forcite_1\\default (588)\\default (588).xsd","MSForcite_TotalEnergy":80.179118248358,"ErrorText":"VAMP job failed with:\nTask completed with failure.\n\nFAIL in VAMP.GeometryOptimization (function/property \"Run\")"},
{"Smiles":"O=C1OC(=O)c2c3c1ccc1c3c(cc2)c2c3c1ccc1c3c(cc2)C(=O)OC1=O","CleanResult":"","MSForcite_OutputDirectory":"E:\\PPS\\web\\jobs\\tdmusho\\ppc715C8-71B7-4813-9F42-58B4EA5421D8\\Exports\\ppc715C8-71B7-4813-9F42-58B4EA5421D8\\Forcite_1\\default (592)","MSForcite_ConvergenceCriteriaMet":"Converged","MSForcite_Structure":"E:\\PPS\\web\\jobs\\tdmusho\\ppc715C8-71B7-4813-9F42-58B4EA5421D8\\Exports\\ppc715C8-71B7-4813-9F42-58B4EA5421D8\\Forcite_1\\default (592)\\default (592).xsd","MSForcite_TotalEnergy":80.023931367703,"ErrorText":"VAMP job failed with:\nTask completed with failure.\n\nFAIL in VAMP.GeometryOptimization (function/property \"Run\")"},
{"Smiles":"CCOC(=O)C=Cc1cc2ccc(cc2oc1=O)c1nnn(c1)Cc1ccccc1","CleanResult":"","MSForcite_OutputDirectory":"E:\\PPS\\web\\jobs\\tdmusho\\ppc715C8-71B7-4813-9F42-58B4EA5421D8\\Exports\\ppc715C8-71B7-4813-9F42-58B4EA5421D8\\Forcite_1\\default (594)","MSForcite_ConvergenceCriteriaMet":"Converged","MSForcite_Structure":"E:\\PPS\\web\\jobs\\tdmusho\\ppc715C8-71B7-4813-9F42-58B4EA5421D8\\Exports\\ppc715C8-71B7-4813-9F42-58B4EA5421D8\\Forcite_1\\default (594)\\default (594).xsd","MSForcite_TotalEnergy":92.6561960865194,"ErrorText":"VAMP job failed with:\nTask completed with failure.\n\nFAIL in VAMP.GeometryOptimization (function/property \"Run\")"},
{"Smiles":"COc1ccc2c(c1)[Si](c1ccccc1)(c1ccccc1)c1c(N2)ccc(c1)OC","CleanResult":"","MSForcite_OutputDirectory":"E:\\PPS\\web\\jobs\\tdmusho\\ppc715C8-71B7-4813-9F42-58B4EA5421D8\\Exports\\ppc715C8-71B7-4813-9F42-58B4EA5421D8\\Forcite_1\\default (574)","MSForcite_ConvergenceCriteriaMet":"Converged","MSForcite_Structure":"E:\\PPS\\web\\jobs\\tdmusho\\ppc715C8-71B7-4813-9F42-58B4EA5421D8\\Exports\\ppc715C8-71B7-4813-9F42-58B4EA5421D8\\Forcite_1\\default (574)\\default (574).xsd","MSForcite_TotalEnergy":58.9621206254405,"ErrorText":"VAMP job failed with:\nTask completed with failure.\n\nFAIL in VAMP.GeometryOptimization (function/property \"Run\")"},
{"Smiles":"CC(c1ccc(cc1)c1ccc(s1)c1ccc(s1)c1ccc(cc1)C(C)(C)C)(C)C","CleanResult":"","MSForcite_OutputDirectory":"E:\\PPS\\web\\jobs\\tdmusho\\ppc715C8-71B7-4813-9F42-58B4EA5421D8\\Exports\\ppc715C8-71B7-4813-9F42-58B4EA5421D8\\Forcite_1\\default (563)","MSForcite_ConvergenceCriteriaMet":"Converged","MSForcite_Structure":"E:\\PPS\\web\\jobs\\tdmusho\\ppc715C8-71B7-4813-9F42-58B4EA5421D8\\Exports\\ppc715C8-71B7-4813-9F42-58B4EA5421D8\\Forcite_1\\default (563)\\default (563).xsd","MSForcite_TotalEnergy":74.2837690538164,"ErrorText":"VAMP job failed with:\nTask completed with failure.\n\nFAIL in VAMP.GeometryOptimization (function/property \"Run\")"},
{"Smiles":"CCCN1c2ccc(cc2Sc2c1cccc2)C=Cc1cc(=O)oc2c1cccc2","CleanResult":"","MSForcite_OutputDirectory":"E:\\PPS\\web\\jobs\\tdmusho\\ppc715C8-71B7-4813-9F42-58B4EA5421D8\\Exports\\ppc715C8-71B7-4813-9F42-58B4EA5421D8\\Forcite_1\\default (606)","MSForcite_ConvergenceCriteriaMet":"Converged","MSForcite_Structure":"E:\\PPS\\web\\jobs\\tdmusho\\ppc715C8-71B7-4813-9F42-58B4EA5421D8\\Exports\\ppc715C8-71B7-4813-9F42-58B4EA5421D8\\Forcite_1\\default (606)\\default (606).xsd","MSForcite_TotalEnergy":75.1747174473105,"ErrorText":"VAMP job failed with:\nTask completed with failure.\n\nFAIL in VAMP.GeometryOptimization (function/property \"Run\")"}
]