﻿[
{"Smiles":"CCOc1nc(cc(c1C#N)c1ccc(cc1)N1CCOCC1)c1ccc(cc1)F","CleanResult":"","MSForcite_OutputDirectory":"E:\\PPS\\web\\jobs\\tdmusho\\ppc715C8-71B7-4813-9F42-58B4EA5421D8\\Exports\\ppc715C8-71B7-4813-9F42-58B4EA5421D8\\Forcite_1\\default (506)","MSForcite_ConvergenceCriteriaMet":"Unconverged","MSForcite_Structure":"E:\\PPS\\web\\jobs\\tdmusho\\ppc715C8-71B7-4813-9F42-58B4EA5421D8\\Exports\\ppc715C8-71B7-4813-9F42-58B4EA5421D8\\Forcite_1\\default (506)\\default (506).xsd","ErrorText":"Convergence criteria has not been met."},
{"Smiles":"CCOc1nc(cc(c1C#N)c1ccc(cc1)N1CCOCC1)c1ccc(cc1)C","CleanResult":"","MSForcite_OutputDirectory":"E:\\PPS\\web\\jobs\\tdmusho\\ppc715C8-71B7-4813-9F42-58B4EA5421D8\\Exports\\ppc715C8-71B7-4813-9F42-58B4EA5421D8\\Forcite_1\\default (507)","MSForcite_ConvergenceCriteriaMet":"Unconverged","MSForcite_Structure":"E:\\PPS\\web\\jobs\\tdmusho\\ppc715C8-71B7-4813-9F42-58B4EA5421D8\\Exports\\ppc715C8-71B7-4813-9F42-58B4EA5421D8\\Forcite_1\\default (507)\\default (507).xsd","ErrorText":"Convergence criteria has not been met."},
{"Smiles":"CCOC(=O)[C@@H](N[C@H](C(=O)N1[C@H]2CCC[C@H]2C[C@H]1C(=O)O)C)CCc1ccccc1","CleanResult":"","MSForcite_OutputDirectory":"E:\\PPS\\web\\jobs\\tdmusho\\ppc715C8-71B7-4813-9F42-58B4EA5421D8\\Exports\\ppc715C8-71B7-4813-9F42-58B4EA5421D8\\Forcite_1\\default (511)","MSForcite_ConvergenceCriteriaMet":"Unconverged","MSForcite_Structure":"E:\\PPS\\web\\jobs\\tdmusho\\ppc715C8-71B7-4813-9F42-58B4EA5421D8\\Exports\\ppc715C8-71B7-4813-9F42-58B4EA5421D8\\Forcite_1\\default (511)\\default (511).xsd","ErrorText":"Convergence criteria has not been met."},
{"Smiles":"OC(=C1C(=O)OC(OC1=O)(C)C)Cc1cc(ccc1[N+](=O)[O-])OCc1ccccc1","CleanResult":"","MSForcite_OutputDirectory":"E:\\PPS\\web\\jobs\\tdmusho\\ppc715C8-71B7-4813-9F42-58B4EA5421D8\\Exports\\ppc715C8-71B7-4813-9F42-58B4EA5421D8\\Forcite_1\\default (512)","MSForcite_ConvergenceCriteriaMet":"Unconverged","MSForcite_Structure":"E:\\PPS\\web\\jobs\\tdmusho\\ppc715C8-71B7-4813-9F42-58B4EA5421D8\\Exports\\ppc715C8-71B7-4813-9F42-58B4EA5421D8\\Forcite_1\\default (512)\\default (512).xsd","ErrorText":"Convergence criteria has not been met."},
{"Smiles":"COc1cc(OC)c(cc1C1C(C)[C@H]([C@H]1c1cc(OC)c(cc1OC)OC)C)OC","CleanResult":"","MSForcite_OutputDirectory":"E:\\PPS\\web\\jobs\\tdmusho\\ppc715C8-71B7-4813-9F42-58B4EA5421D8\\Exports\\ppc715C8-71B7-4813-9F42-58B4EA5421D8\\Forcite_1\\default (513)","MSForcite_ConvergenceCriteriaMet":"Unconverged","MSForcite_Structure":"E:\\PPS\\web\\jobs\\tdmusho\\ppc715C8-71B7-4813-9F42-58B4EA5421D8\\Exports\\ppc715C8-71B7-4813-9F42-58B4EA5421D8\\Forcite_1\\default (513)\\default (513).xsd","ErrorText":"Convergence criteria has not been met."},
{"Smiles":"Clc1ccc(cc1)n1c2=CC(N=Cc2cc2c1nn(c2C(=O)C)C)c1ccccc1","CleanResult":"","MSForcite_OutputDirectory":"E:\\PPS\\web\\jobs\\tdmusho\\ppc715C8-71B7-4813-9F42-58B4EA5421D8\\Exports\\ppc715C8-71B7-4813-9F42-58B4EA5421D8\\Forcite_1\\default (517)","MSForcite_ConvergenceCriteriaMet":"Unconverged","MSForcite_Structure":"E:\\PPS\\web\\jobs\\tdmusho\\ppc715C8-71B7-4813-9F42-58B4EA5421D8\\Exports\\ppc715C8-71B7-4813-9F42-58B4EA5421D8\\Forcite_1\\default (517)\\default (517).xsd","ErrorText":"Convergence criteria has not been met."},
{"Smiles":"CCN(c1ccc(cc1)C=Cc1ccn2c(c1)nc(c2)c1ccc(cc1)OC)CC","CleanResult":"","MSForcite_OutputDirectory":"E:\\PPS\\web\\jobs\\tdmusho\\ppc715C8-71B7-4813-9F42-58B4EA5421D8\\Exports\\ppc715C8-71B7-4813-9F42-58B4EA5421D8\\Forcite_1\\default (519)","MSForcite_ConvergenceCriteriaMet":"Unconverged","MSForcite_Structure":"E:\\PPS\\web\\jobs\\tdmusho\\ppc715C8-71B7-4813-9F42-58B4EA5421D8\\Exports\\ppc715C8-71B7-4813-9F42-58B4EA5421D8\\Forcite_1\\default (519)\\default (519).xsd","ErrorText":"Convergence criteria has not been met."},
{"Smiles":"N#CC(=Cc1ccc(cc1)N(c1ccccc1)c1ccccc1)c1ccc(cc1)Br","CleanResult":"","MSForcite_OutputDirectory":"E:\\PPS\\web\\jobs\\tdmusho\\ppc715C8-71B7-4813-9F42-58B4EA5421D8\\Exports\\ppc715C8-71B7-4813-9F42-58B4EA5421D8\\Forcite_1\\default (520)","MSForcite_ConvergenceCriteriaMet":"Unconverged","MSForcite_Structure":"E:\\PPS\\web\\jobs\\tdmusho\\ppc715C8-71B7-4813-9F42-58B4EA5421D8\\Exports\\ppc715C8-71B7-4813-9F42-58B4EA5421D8\\Forcite_1\\default (520)\\default (520).xsd","ErrorText":"Convergence criteria has not been met."},
{"Smiles":"N#Cc1ccc(cc1)Oc1ccc2c3c1cccc3c(=O)n(c2=O)CCOC(=O)C","CleanResult":"","MSForcite_OutputDirectory":"E:\\PPS\\web\\jobs\\tdmusho\\ppc715C8-71B7-4813-9F42-58B4EA5421D8\\Exports\\ppc715C8-71B7-4813-9F42-58B4EA5421D8\\Forcite_1\\default (521)","MSForcite_ConvergenceCriteriaMet":"Unconverged","MSForcite_Structure":"E:\\PPS\\web\\jobs\\tdmusho\\ppc715C8-71B7-4813-9F42-58B4EA5421D8\\Exports\\ppc715C8-71B7-4813-9F42-58B4EA5421D8\\Forcite_1\\default (521)\\default (521).xsd","ErrorText":"Convergence criteria has not been met."},
{"Smiles":"COc1ccc(cc1)C=Cc1nc(C#N)c(nc1C=Cc1ccc(cc1)C=O)C#N","CleanResult":"","MSForcite_OutputDirectory":"E:\\PPS\\web\\jobs\\tdmusho\\ppc715C8-71B7-4813-9F42-58B4EA5421D8\\Exports\\ppc715C8-71B7-4813-9F42-58B4EA5421D8\\Forcite_1\\default (524)","MSForcite_ConvergenceCriteriaMet":"Unconverged","MSForcite_Structure":"E:\\PPS\\web\\jobs\\tdmusho\\ppc715C8-71B7-4813-9F42-58B4EA5421D8\\Exports\\ppc715C8-71B7-4813-9F42-58B4EA5421D8\\Forcite_1\\default (524)\\default (524).xsd","ErrorText":"Convergence criteria has not been met."},
{"Smiles":"O=C1OC(C)(C)OC(=O)C1=Cc1ccc(cc1)N(c1ccccc1)c1ccccc1","CleanResult":"","MSForcite_OutputDirectory":"E:\\PPS\\web\\jobs\\tdmusho\\ppc715C8-71B7-4813-9F42-58B4EA5421D8\\Exports\\ppc715C8-71B7-4813-9F42-58B4EA5421D8\\Forcite_1\\default (526)","MSForcite_ConvergenceCriteriaMet":"Unconverged","MSForcite_Structure":"E:\\PPS\\web\\jobs\\tdmusho\\ppc715C8-71B7-4813-9F42-58B4EA5421D8\\Exports\\ppc715C8-71B7-4813-9F42-58B4EA5421D8\\Forcite_1\\default (526)\\default (526).xsd","ErrorText":"Convergence criteria has not been met."},
{"Smiles":"COc1ccc(cc1)N(c1ccc(cc1)C=C(C(=O)O)C#N)c1ccc(cc1)OC","CleanResult":"","MSForcite_OutputDirectory":"E:\\PPS\\web\\jobs\\tdmusho\\ppc715C8-71B7-4813-9F42-58B4EA5421D8\\Exports\\ppc715C8-71B7-4813-9F42-58B4EA5421D8\\Forcite_1\\default (531)","MSForcite_ConvergenceCriteriaMet":"Unconverged","MSForcite_Structure":"E:\\PPS\\web\\jobs\\tdmusho\\ppc715C8-71B7-4813-9F42-58B4EA5421D8\\Exports\\ppc715C8-71B7-4813-9F42-58B4EA5421D8\\Forcite_1\\default (531)\\default (531).xsd","ErrorText":"Convergence criteria has not been met."},
{"Smiles":"NS(=O)(=O)c1ccc(cc1N1CCOCCOCCOCCOCC1)n1cccc1","CleanResult":"","MSForcite_OutputDirectory":"E:\\PPS\\web\\jobs\\tdmusho\\ppc715C8-71B7-4813-9F42-58B4EA5421D8\\Exports\\ppc715C8-71B7-4813-9F42-58B4EA5421D8\\Forcite_1\\default (540)","MSForcite_ConvergenceCriteriaMet":"Unconverged","MSForcite_Structure":"E:\\PPS\\web\\jobs\\tdmusho\\ppc715C8-71B7-4813-9F42-58B4EA5421D8\\Exports\\ppc715C8-71B7-4813-9F42-58B4EA5421D8\\Forcite_1\\default (540)\\default (540).xsd","ErrorText":"Convergence criteria has not been met."},
{"Smiles":"[O-][N+](=O)c1ccc(cc1)C#Cc1ccc(cc1)n1c2ccccc2c2c1cccc2","CleanResult":"","MSForcite_OutputDirectory":"E:\\PPS\\web\\jobs\\tdmusho\\ppc715C8-71B7-4813-9F42-58B4EA5421D8\\Exports\\ppc715C8-71B7-4813-9F42-58B4EA5421D8\\Forcite_1\\default (541)","MSForcite_ConvergenceCriteriaMet":"Unconverged","MSForcite_Structure":"E:\\PPS\\web\\jobs\\tdmusho\\ppc715C8-71B7-4813-9F42-58B4EA5421D8\\Exports\\ppc715C8-71B7-4813-9F42-58B4EA5421D8\\Forcite_1\\default (541)\\default (541).xsd","ErrorText":"Convergence criteria has not been met."},
{"Smiles":"CCN(c1ccc(c(c1)CC)C=C1CCC(=Cc2ccc(cc2)N(C)C)C1=O)CC","CleanResult":"","MSForcite_OutputDirectory":"E:\\PPS\\web\\jobs\\tdmusho\\ppc715C8-71B7-4813-9F42-58B4EA5421D8\\Exports\\ppc715C8-71B7-4813-9F42-58B4EA5421D8\\Forcite_1\\default (544)","MSForcite_ConvergenceCriteriaMet":"Unconverged","MSForcite_Structure":"E:\\PPS\\web\\jobs\\tdmusho\\ppc715C8-71B7-4813-9F42-58B4EA5421D8\\Exports\\ppc715C8-71B7-4813-9F42-58B4EA5421D8\\Forcite_1\\default (544)\\default (544).xsd","ErrorText":"Convergence criteria has not been met."},
{"Smiles":"Cc1cc(c(s1)C)C1=C(CC2C1=C(C(=O)C2)c1cc(sc1C)C)c1cc(sc1C)C","CleanResult":"","MSForcite_OutputDirectory":"E:\\PPS\\web\\jobs\\tdmusho\\ppc715C8-71B7-4813-9F42-58B4EA5421D8\\Exports\\ppc715C8-71B7-4813-9F42-58B4EA5421D8\\Forcite_1\\default (545)","MSForcite_ConvergenceCriteriaMet":"Unconverged","MSForcite_Structure":"E:\\PPS\\web\\jobs\\tdmusho\\ppc715C8-71B7-4813-9F42-58B4EA5421D8\\Exports\\ppc715C8-71B7-4813-9F42-58B4EA5421D8\\Forcite_1\\default (545)\\default (545).xsd","ErrorText":"Convergence criteria has not been met."},
{"Smiles":"COC(=O)[C@H](Cc1ccc2c(c1)nc(o2)c1ccc(cc1)C)NC(=O)OC(C)(C)C","CleanResult":"","MSForcite_OutputDirectory":"E:\\PPS\\web\\jobs\\tdmusho\\ppc715C8-71B7-4813-9F42-58B4EA5421D8\\Exports\\ppc715C8-71B7-4813-9F42-58B4EA5421D8\\Forcite_1\\default (546)","MSForcite_ConvergenceCriteriaMet":"Unconverged","MSForcite_Structure":"E:\\PPS\\web\\jobs\\tdmusho\\ppc715C8-71B7-4813-9F42-58B4EA5421D8\\Exports\\ppc715C8-71B7-4813-9F42-58B4EA5421D8\\Forcite_1\\default (546)\\default (546).xsd","ErrorText":"Convergence criteria has not been met."},
{"Smiles":"N#Cc1ccc(cc1)c1nc2CCc3c(c2c2c1c1ccccc1CC2)cccc3","CleanResult":"","MSForcite_OutputDirectory":"E:\\PPS\\web\\jobs\\tdmusho\\ppc715C8-71B7-4813-9F42-58B4EA5421D8\\Exports\\ppc715C8-71B7-4813-9F42-58B4EA5421D8\\Forcite_1\\default (557)","MSForcite_ConvergenceCriteriaMet":"Unconverged","MSForcite_Structure":"E:\\PPS\\web\\jobs\\tdmusho\\ppc715C8-71B7-4813-9F42-58B4EA5421D8\\Exports\\ppc715C8-71B7-4813-9F42-58B4EA5421D8\\Forcite_1\\default (557)\\default (557).xsd","ErrorText":"Convergence criteria has not been met."},
{"Smiles":"O=C([C@H](Cc1ccccc1)N)Nc1cccc(n1)c1cccc(n1)c1ccccn1","CleanResult":"","MSForcite_OutputDirectory":"E:\\PPS\\web\\jobs\\tdmusho\\ppc715C8-71B7-4813-9F42-58B4EA5421D8\\Exports\\ppc715C8-71B7-4813-9F42-58B4EA5421D8\\Forcite_1\\default (558)","MSForcite_ConvergenceCriteriaMet":"Unconverged","MSForcite_Structure":"E:\\PPS\\web\\jobs\\tdmusho\\ppc715C8-71B7-4813-9F42-58B4EA5421D8\\Exports\\ppc715C8-71B7-4813-9F42-58B4EA5421D8\\Forcite_1\\default (558)\\default (558).xsd","ErrorText":"Convergence criteria has not been met."},
{"Smiles":"O=C(C(F)(F)F)C(=CC=C(c1ccc(cc1)Cl)c1ccc(cc1)Cl)C(=O)C(F)(F)F","CleanResult":"","MSForcite_OutputDirectory":"E:\\PPS\\web\\jobs\\tdmusho\\ppc715C8-71B7-4813-9F42-58B4EA5421D8\\Exports\\ppc715C8-71B7-4813-9F42-58B4EA5421D8\\Forcite_1\\default (560)","MSForcite_ConvergenceCriteriaMet":"Unconverged","MSForcite_Structure":"E:\\PPS\\web\\jobs\\tdmusho\\ppc715C8-71B7-4813-9F42-58B4EA5421D8\\Exports\\ppc715C8-71B7-4813-9F42-58B4EA5421D8\\Forcite_1\\default (560)\\default (560).xsd","ErrorText":"Convergence criteria has not been met."},
{"Smiles":"COC(=O)c1n2nc(C#Cc3ccc(cc3)F)ccc2c(c1C(=O)OC)C(=O)OC","CleanResult":"","MSForcite_OutputDirectory":"E:\\PPS\\web\\jobs\\tdmusho\\ppc715C8-71B7-4813-9F42-58B4EA5421D8\\Exports\\ppc715C8-71B7-4813-9F42-58B4EA5421D8\\Forcite_1\\default (561)","MSForcite_ConvergenceCriteriaMet":"Unconverged","MSForcite_Structure":"E:\\PPS\\web\\jobs\\tdmusho\\ppc715C8-71B7-4813-9F42-58B4EA5421D8\\Exports\\ppc715C8-71B7-4813-9F42-58B4EA5421D8\\Forcite_1\\default (561)\\default (561).xsd","ErrorText":"Convergence criteria has not been met."},
{"Smiles":"COC(=O)[C@]1(C[C@]1(O[Si](C(C)(C)C)(C)C)c1ccc(cc1)Br)c1ccc(cc1)OC","CleanResult":"","MSForcite_OutputDirectory":"E:\\PPS\\web\\jobs\\tdmusho\\ppc715C8-71B7-4813-9F42-58B4EA5421D8\\Exports\\ppc715C8-71B7-4813-9F42-58B4EA5421D8\\Forcite_1\\default (567)","MSForcite_ConvergenceCriteriaMet":"Unconverged","MSForcite_Structure":"E:\\PPS\\web\\jobs\\tdmusho\\ppc715C8-71B7-4813-9F42-58B4EA5421D8\\Exports\\ppc715C8-71B7-4813-9F42-58B4EA5421D8\\Forcite_1\\default (567)\\default (567).xsd","ErrorText":"Convergence criteria has not been met."},
{"Smiles":"C#Cc1nc(C=Cc2ccc(cc2)N(C)C)cc(n1)C=Cc1ccc(cc1)N(C)C","CleanResult":"","MSForcite_OutputDirectory":"E:\\PPS\\web\\jobs\\tdmusho\\ppc715C8-71B7-4813-9F42-58B4EA5421D8\\Exports\\ppc715C8-71B7-4813-9F42-58B4EA5421D8\\Forcite_1\\default (573)","MSForcite_ConvergenceCriteriaMet":"Unconverged","MSForcite_Structure":"E:\\PPS\\web\\jobs\\tdmusho\\ppc715C8-71B7-4813-9F42-58B4EA5421D8\\Exports\\ppc715C8-71B7-4813-9F42-58B4EA5421D8\\Forcite_1\\default (573)\\default (573).xsd","ErrorText":"Convergence criteria has not been met."},
{"Smiles":"N#Cc1ccc(cc1)c1cnc(n1C)c1ccc(cc1)c1nc2c(n1C)cccc2","CleanResult":"","MSForcite_OutputDirectory":"E:\\PPS\\web\\jobs\\tdmusho\\ppc715C8-71B7-4813-9F42-58B4EA5421D8\\Exports\\ppc715C8-71B7-4813-9F42-58B4EA5421D8\\Forcite_1\\default (576)","MSForcite_ConvergenceCriteriaMet":"Unconverged","MSForcite_Structure":"E:\\PPS\\web\\jobs\\tdmusho\\ppc715C8-71B7-4813-9F42-58B4EA5421D8\\Exports\\ppc715C8-71B7-4813-9F42-58B4EA5421D8\\Forcite_1\\default (576)\\default (576).xsd","ErrorText":"Convergence criteria has not been met."},
{"Smiles":"c1cc(C#Cc2ccc(cc2)n2c3ccccc3c3c2cccc3)c2c(c1)nsn2","CleanResult":"","MSForcite_OutputDirectory":"E:\\PPS\\web\\jobs\\tdmusho\\ppc715C8-71B7-4813-9F42-58B4EA5421D8\\Exports\\ppc715C8-71B7-4813-9F42-58B4EA5421D8\\Forcite_1\\default (578)","MSForcite_ConvergenceCriteriaMet":"Unconverged","MSForcite_Structure":"E:\\PPS\\web\\jobs\\tdmusho\\ppc715C8-71B7-4813-9F42-58B4EA5421D8\\Exports\\ppc715C8-71B7-4813-9F42-58B4EA5421D8\\Forcite_1\\default (578)\\default (578).xsd","ErrorText":"Convergence criteria has not been met."},
{"Smiles":"COc1ccc(cc1)c1c([nH]c2c1cccc2)c1ccc(cc1)S(=O)(=O)NC(=O)C","CleanResult":"","MSForcite_OutputDirectory":"E:\\PPS\\web\\jobs\\tdmusho\\ppc715C8-71B7-4813-9F42-58B4EA5421D8\\Exports\\ppc715C8-71B7-4813-9F42-58B4EA5421D8\\Forcite_1\\default (579)","MSForcite_ConvergenceCriteriaMet":"Unconverged","MSForcite_Structure":"E:\\PPS\\web\\jobs\\tdmusho\\ppc715C8-71B7-4813-9F42-58B4EA5421D8\\Exports\\ppc715C8-71B7-4813-9F42-58B4EA5421D8\\Forcite_1\\default (579)\\default (579).xsd","ErrorText":"Convergence criteria has not been met."},
{"Smiles":"O[C@H]1C[C@@H](O[C@@H]1COP(=O)(OP(=O)(OP(=O)(O)O)O)O)n1cnc2c1ncnc2N","CleanResult":"","MSForcite_OutputDirectory":"E:\\PPS\\web\\jobs\\tdmusho\\ppc715C8-71B7-4813-9F42-58B4EA5421D8\\Exports\\ppc715C8-71B7-4813-9F42-58B4EA5421D8\\Forcite_1\\default (580)","MSForcite_ConvergenceCriteriaMet":"Unconverged","MSForcite_Structure":"E:\\PPS\\web\\jobs\\tdmusho\\ppc715C8-71B7-4813-9F42-58B4EA5421D8\\Exports\\ppc715C8-71B7-4813-9F42-58B4EA5421D8\\Forcite_1\\default (580)\\default (580).xsd","ErrorText":"Convergence criteria has not been met."},
{"Smiles":"c1ccc(cc1)C#Cc1ccc(cc1)N=Nc1ccc(cc1)C#Cc1ccccc1","CleanResult":"","MSForcite_OutputDirectory":"E:\\PPS\\web\\jobs\\tdmusho\\ppc715C8-71B7-4813-9F42-58B4EA5421D8\\Exports\\ppc715C8-71B7-4813-9F42-58B4EA5421D8\\Forcite_1\\default (593)","MSForcite_ConvergenceCriteriaMet":"Unconverged","MSForcite_Structure":"E:\\PPS\\web\\jobs\\tdmusho\\ppc715C8-71B7-4813-9F42-58B4EA5421D8\\Exports\\ppc715C8-71B7-4813-9F42-58B4EA5421D8\\Forcite_1\\default (593)\\default (593).xsd","ErrorText":"Convergence criteria has not been met."},
{"Smiles":"N#CC(=Cc1ncc2c(n1)ccc(c2)N(c1ccccc1)c1ccccc1)C(=O)O","CleanResult":"","MSForcite_OutputDirectory":"E:\\PPS\\web\\jobs\\tdmusho\\ppc715C8-71B7-4813-9F42-58B4EA5421D8\\Exports\\ppc715C8-71B7-4813-9F42-58B4EA5421D8\\Forcite_1\\default (595)","MSForcite_ConvergenceCriteriaMet":"Unconverged","MSForcite_Structure":"E:\\PPS\\web\\jobs\\tdmusho\\ppc715C8-71B7-4813-9F42-58B4EA5421D8\\Exports\\ppc715C8-71B7-4813-9F42-58B4EA5421D8\\Forcite_1\\default (595)\\default (595).xsd","ErrorText":"Convergence criteria has not been met."},
{"Smiles":"C#Cc1ccnc(c1)c1cc(cc(c1)c1nccc(c1)C#C)c1nccc(c1)C#C","CleanResult":"","MSForcite_OutputDirectory":"E:\\PPS\\web\\jobs\\tdmusho\\ppc715C8-71B7-4813-9F42-58B4EA5421D8\\Exports\\ppc715C8-71B7-4813-9F42-58B4EA5421D8\\Forcite_1\\default (597)","MSForcite_ConvergenceCriteriaMet":"Unconverged","MSForcite_Structure":"E:\\PPS\\web\\jobs\\tdmusho\\ppc715C8-71B7-4813-9F42-58B4EA5421D8\\Exports\\ppc715C8-71B7-4813-9F42-58B4EA5421D8\\Forcite_1\\default (597)\\default (597).xsd","ErrorText":"Convergence criteria has not been met."},
{"Smiles":"C#Cc1cc(C#C)c2c3c1ccc1c3c(cc2)c(cc1C#C)C(=O)c1ccccc1","CleanResult":"","MSForcite_OutputDirectory":"E:\\PPS\\web\\jobs\\tdmusho\\ppc715C8-71B7-4813-9F42-58B4EA5421D8\\Exports\\ppc715C8-71B7-4813-9F42-58B4EA5421D8\\Forcite_1\\default (599)","MSForcite_ConvergenceCriteriaMet":"Unconverged","MSForcite_Structure":"E:\\PPS\\web\\jobs\\tdmusho\\ppc715C8-71B7-4813-9F42-58B4EA5421D8\\Exports\\ppc715C8-71B7-4813-9F42-58B4EA5421D8\\Forcite_1\\default (599)\\default (599).xsd","ErrorText":"Convergence criteria has not been met."},
{"Smiles":"CCN(c1ccc(cc1)C=C1CCC(=Cc2ccc(cc2)N(CC)CC)C1=O)CC","CleanResult":"","MSForcite_OutputDirectory":"E:\\PPS\\web\\jobs\\tdmusho\\ppc715C8-71B7-4813-9F42-58B4EA5421D8\\Exports\\ppc715C8-71B7-4813-9F42-58B4EA5421D8\\Forcite_1\\default (604)","MSForcite_ConvergenceCriteriaMet":"Unconverged","MSForcite_Structure":"E:\\PPS\\web\\jobs\\tdmusho\\ppc715C8-71B7-4813-9F42-58B4EA5421D8\\Exports\\ppc715C8-71B7-4813-9F42-58B4EA5421D8\\Forcite_1\\default (604)\\default (604).xsd","ErrorText":"Convergence criteria has not been met."}
]