﻿[
{"Smiles":"COC(=O)c1n2nc(C#Cc3ccccc3)ccc2c(c1C(=O)OC)C(=O)OC","CleanResult":"","MSForcite_OutputDirectory":"E:\\PPS\\web\\jobs\\tdmusho\\ppc715C8-71B7-4813-9F42-58B4EA5421D8\\Exports\\ppc715C8-71B7-4813-9F42-58B4EA5421D8\\Forcite_1\\default (408)","MSForcite_ConvergenceCriteriaMet":"Unconverged","MSForcite_Structure":"E:\\PPS\\web\\jobs\\tdmusho\\ppc715C8-71B7-4813-9F42-58B4EA5421D8\\Exports\\ppc715C8-71B7-4813-9F42-58B4EA5421D8\\Forcite_1\\default (408)\\default (408).xsd","ErrorText":"Convergence criteria has not been met."},
{"Smiles":"O=c1[nH]c2c(cc1S(=O)(=O)c1ccccc1)CCc1c2n(cc1)c1ccccc1","CleanResult":"","MSForcite_OutputDirectory":"E:\\PPS\\web\\jobs\\tdmusho\\ppc715C8-71B7-4813-9F42-58B4EA5421D8\\Exports\\ppc715C8-71B7-4813-9F42-58B4EA5421D8\\Forcite_1\\default (410)","MSForcite_ConvergenceCriteriaMet":"Unconverged","MSForcite_Structure":"E:\\PPS\\web\\jobs\\tdmusho\\ppc715C8-71B7-4813-9F42-58B4EA5421D8\\Exports\\ppc715C8-71B7-4813-9F42-58B4EA5421D8\\Forcite_1\\default (410)\\default (410).xsd","ErrorText":"Convergence criteria has not been met."},
{"Smiles":"N#Cc1ccc(cc1)NC(=NCC(=O)O)NC(c1ccccc1)c1ccccc1","CleanResult":"","MSForcite_OutputDirectory":"E:\\PPS\\web\\jobs\\tdmusho\\ppc715C8-71B7-4813-9F42-58B4EA5421D8\\Exports\\ppc715C8-71B7-4813-9F42-58B4EA5421D8\\Forcite_1\\default (412)","MSForcite_ConvergenceCriteriaMet":"Unconverged","MSForcite_Structure":"E:\\PPS\\web\\jobs\\tdmusho\\ppc715C8-71B7-4813-9F42-58B4EA5421D8\\Exports\\ppc715C8-71B7-4813-9F42-58B4EA5421D8\\Forcite_1\\default (412)\\default (412).xsd","ErrorText":"Convergence criteria has not been met."},
{"Smiles":"COC(=O)[C@]1(C[C@]1(O[Si](C(C)(C)C)(C)C)c1ccc(cc1)Br)c1ccc(cc1)Cl","CleanResult":"","MSForcite_OutputDirectory":"E:\\PPS\\web\\jobs\\tdmusho\\ppc715C8-71B7-4813-9F42-58B4EA5421D8\\Exports\\ppc715C8-71B7-4813-9F42-58B4EA5421D8\\Forcite_1\\default (413)","MSForcite_ConvergenceCriteriaMet":"Unconverged","MSForcite_Structure":"E:\\PPS\\web\\jobs\\tdmusho\\ppc715C8-71B7-4813-9F42-58B4EA5421D8\\Exports\\ppc715C8-71B7-4813-9F42-58B4EA5421D8\\Forcite_1\\default (413)\\default (413).xsd","ErrorText":"Convergence criteria has not been met."},
{"Smiles":"CCOCCC1(Oc2ccc(cc2)Oc2ccc(cc2)F)C(=O)NC(=O)NC1=O","CleanResult":"","MSForcite_OutputDirectory":"E:\\PPS\\web\\jobs\\tdmusho\\ppc715C8-71B7-4813-9F42-58B4EA5421D8\\Exports\\ppc715C8-71B7-4813-9F42-58B4EA5421D8\\Forcite_1\\default (414)","MSForcite_ConvergenceCriteriaMet":"Unconverged","MSForcite_Structure":"E:\\PPS\\web\\jobs\\tdmusho\\ppc715C8-71B7-4813-9F42-58B4EA5421D8\\Exports\\ppc715C8-71B7-4813-9F42-58B4EA5421D8\\Forcite_1\\default (414)\\default (414).xsd","ErrorText":"Convergence criteria has not been met."},
{"Smiles":"Cc1cc(c(s1)C)C(=C1C(=O)OC(=O)C1=C(c1ccccc1)c1ccccc1)C","CleanResult":"","MSForcite_OutputDirectory":"E:\\PPS\\web\\jobs\\tdmusho\\ppc715C8-71B7-4813-9F42-58B4EA5421D8\\Exports\\ppc715C8-71B7-4813-9F42-58B4EA5421D8\\Forcite_1\\default (416)","MSForcite_ConvergenceCriteriaMet":"Unconverged","MSForcite_Structure":"E:\\PPS\\web\\jobs\\tdmusho\\ppc715C8-71B7-4813-9F42-58B4EA5421D8\\Exports\\ppc715C8-71B7-4813-9F42-58B4EA5421D8\\Forcite_1\\default (416)\\default (416).xsd","ErrorText":"Convergence criteria has not been met."},
{"Smiles":"C(COc1cc(c(cc1c1cccc(c1)C#N)OC)c1cccc(c1)C#N)CC","CleanResult":"","MSForcite_OutputDirectory":"E:\\PPS\\web\\jobs\\tdmusho\\ppc715C8-71B7-4813-9F42-58B4EA5421D8\\Exports\\ppc715C8-71B7-4813-9F42-58B4EA5421D8\\Forcite_1\\default (432)","MSForcite_ConvergenceCriteriaMet":"Unconverged","MSForcite_Structure":"E:\\PPS\\web\\jobs\\tdmusho\\ppc715C8-71B7-4813-9F42-58B4EA5421D8\\Exports\\ppc715C8-71B7-4813-9F42-58B4EA5421D8\\Forcite_1\\default (432)\\default (432).xsd","ErrorText":"Convergence criteria has not been met."},
{"Smiles":"COC(=O)[C@]1(C[C@]1(O[Si](C(C)(C)C)(C)C)c1ccc(cc1)Br)c1ccc(cc1)C","CleanResult":"","MSForcite_OutputDirectory":"E:\\PPS\\web\\jobs\\tdmusho\\ppc715C8-71B7-4813-9F42-58B4EA5421D8\\Exports\\ppc715C8-71B7-4813-9F42-58B4EA5421D8\\Forcite_1\\default (434)","MSForcite_ConvergenceCriteriaMet":"Unconverged","MSForcite_Structure":"E:\\PPS\\web\\jobs\\tdmusho\\ppc715C8-71B7-4813-9F42-58B4EA5421D8\\Exports\\ppc715C8-71B7-4813-9F42-58B4EA5421D8\\Forcite_1\\default (434)\\default (434).xsd","ErrorText":"Convergence criteria has not been met."},
{"Smiles":"CCN(c1ccc(c(c1)Cl)C=C1CCC(=Cc2ccc(cc2)N(C)C)C1=O)CC","CleanResult":"","MSForcite_OutputDirectory":"E:\\PPS\\web\\jobs\\tdmusho\\ppc715C8-71B7-4813-9F42-58B4EA5421D8\\Exports\\ppc715C8-71B7-4813-9F42-58B4EA5421D8\\Forcite_1\\default (436)","MSForcite_ConvergenceCriteriaMet":"Unconverged","MSForcite_Structure":"E:\\PPS\\web\\jobs\\tdmusho\\ppc715C8-71B7-4813-9F42-58B4EA5421D8\\Exports\\ppc715C8-71B7-4813-9F42-58B4EA5421D8\\Forcite_1\\default (436)\\default (436).xsd","ErrorText":"Convergence criteria has not been met."},
{"Smiles":"CCCn1c(nc(c1c1ccccc1)c1ccccc1)c1ccc(cc1)[N+](=O)[O-]","CleanResult":"","MSForcite_OutputDirectory":"E:\\PPS\\web\\jobs\\tdmusho\\ppc715C8-71B7-4813-9F42-58B4EA5421D8\\Exports\\ppc715C8-71B7-4813-9F42-58B4EA5421D8\\Forcite_1\\default (443)","MSForcite_ConvergenceCriteriaMet":"Unconverged","MSForcite_Structure":"E:\\PPS\\web\\jobs\\tdmusho\\ppc715C8-71B7-4813-9F42-58B4EA5421D8\\Exports\\ppc715C8-71B7-4813-9F42-58B4EA5421D8\\Forcite_1\\default (443)\\default (443).xsd","ErrorText":"Convergence criteria has not been met."},
{"Smiles":"N#Cc1ccc(cc1)n1ccc2c1nc(nc2c1ccccc1)c1ccccc1","CleanResult":"","MSForcite_OutputDirectory":"E:\\PPS\\web\\jobs\\tdmusho\\ppc715C8-71B7-4813-9F42-58B4EA5421D8\\Exports\\ppc715C8-71B7-4813-9F42-58B4EA5421D8\\Forcite_1\\default (447)","MSForcite_ConvergenceCriteriaMet":"Unconverged","MSForcite_Structure":"E:\\PPS\\web\\jobs\\tdmusho\\ppc715C8-71B7-4813-9F42-58B4EA5421D8\\Exports\\ppc715C8-71B7-4813-9F42-58B4EA5421D8\\Forcite_1\\default (447)\\default (447).xsd","ErrorText":"Convergence criteria has not been met."},
{"Smiles":"C#CCOc1ccc(c(c1C#N)C#N)Oc1c(cccc1C(F)(F)F)C(F)(F)F","CleanResult":"","MSForcite_OutputDirectory":"E:\\PPS\\web\\jobs\\tdmusho\\ppc715C8-71B7-4813-9F42-58B4EA5421D8\\Exports\\ppc715C8-71B7-4813-9F42-58B4EA5421D8\\Forcite_1\\default (453)","MSForcite_ConvergenceCriteriaMet":"Unconverged","MSForcite_Structure":"E:\\PPS\\web\\jobs\\tdmusho\\ppc715C8-71B7-4813-9F42-58B4EA5421D8\\Exports\\ppc715C8-71B7-4813-9F42-58B4EA5421D8\\Forcite_1\\default (453)\\default (453).xsd","ErrorText":"Convergence criteria has not been met."},
{"Smiles":"N#CC(=Cc1ccccc1)c1ccc(cc1)N(c1ccccc1)c1ccccc1","CleanResult":"","MSForcite_OutputDirectory":"E:\\PPS\\web\\jobs\\tdmusho\\ppc715C8-71B7-4813-9F42-58B4EA5421D8\\Exports\\ppc715C8-71B7-4813-9F42-58B4EA5421D8\\Forcite_1\\default (454)","MSForcite_ConvergenceCriteriaMet":"Unconverged","MSForcite_Structure":"E:\\PPS\\web\\jobs\\tdmusho\\ppc715C8-71B7-4813-9F42-58B4EA5421D8\\Exports\\ppc715C8-71B7-4813-9F42-58B4EA5421D8\\Forcite_1\\default (454)\\default (454).xsd","ErrorText":"Convergence criteria has not been met."},
{"Smiles":"C(COc1cc(c2ccc(cc2)C#N)c(cc1c1ccc(cc1)C#N)OC)CC","CleanResult":"","MSForcite_OutputDirectory":"E:\\PPS\\web\\jobs\\tdmusho\\ppc715C8-71B7-4813-9F42-58B4EA5421D8\\Exports\\ppc715C8-71B7-4813-9F42-58B4EA5421D8\\Forcite_1\\default (458)","MSForcite_ConvergenceCriteriaMet":"Unconverged","MSForcite_Structure":"E:\\PPS\\web\\jobs\\tdmusho\\ppc715C8-71B7-4813-9F42-58B4EA5421D8\\Exports\\ppc715C8-71B7-4813-9F42-58B4EA5421D8\\Forcite_1\\default (458)\\default (458).xsd","ErrorText":"Convergence criteria has not been met."},
{"Smiles":"C(CP(c1ccccc1)c1ccccc1)CP(c1ccccc1)c1ccccc1","CleanResult":"","MSForcite_OutputDirectory":"E:\\PPS\\web\\jobs\\tdmusho\\ppc715C8-71B7-4813-9F42-58B4EA5421D8\\Exports\\ppc715C8-71B7-4813-9F42-58B4EA5421D8\\Forcite_1\\default (467)","MSForcite_ConvergenceCriteriaMet":"Unconverged","MSForcite_Structure":"E:\\PPS\\web\\jobs\\tdmusho\\ppc715C8-71B7-4813-9F42-58B4EA5421D8\\Exports\\ppc715C8-71B7-4813-9F42-58B4EA5421D8\\Forcite_1\\default (467)\\default (467).xsd","ErrorText":"Convergence criteria has not been met."},
{"Smiles":"CCN1CCN(c2c1cc1cc(C(=O)C=Cc3ccccc3)c(=O)oc1c2)CC","CleanResult":"","MSForcite_OutputDirectory":"E:\\PPS\\web\\jobs\\tdmusho\\ppc715C8-71B7-4813-9F42-58B4EA5421D8\\Exports\\ppc715C8-71B7-4813-9F42-58B4EA5421D8\\Forcite_1\\default (469)","MSForcite_ConvergenceCriteriaMet":"Unconverged","MSForcite_Structure":"E:\\PPS\\web\\jobs\\tdmusho\\ppc715C8-71B7-4813-9F42-58B4EA5421D8\\Exports\\ppc715C8-71B7-4813-9F42-58B4EA5421D8\\Forcite_1\\default (469)\\default (469).xsd","ErrorText":"Convergence criteria has not been met."},
{"Smiles":"O=C1C(=Cc2ccc(cc2)N(C)C)N=C(N1Cc1ccccc1)c1ccccc1","CleanResult":"","MSForcite_OutputDirectory":"E:\\PPS\\web\\jobs\\tdmusho\\ppc715C8-71B7-4813-9F42-58B4EA5421D8\\Exports\\ppc715C8-71B7-4813-9F42-58B4EA5421D8\\Forcite_1\\default (470)","MSForcite_ConvergenceCriteriaMet":"Unconverged","MSForcite_Structure":"E:\\PPS\\web\\jobs\\tdmusho\\ppc715C8-71B7-4813-9F42-58B4EA5421D8\\Exports\\ppc715C8-71B7-4813-9F42-58B4EA5421D8\\Forcite_1\\default (470)\\default (470).xsd","ErrorText":"Convergence criteria has not been met."},
{"Smiles":"CCC(CO)(CO)CO.CCCCCCCCC=CCCCCCCCC(=O)O","CleanResult":"","MSForcite_OutputDirectory":"E:\\PPS\\web\\jobs\\tdmusho\\ppc715C8-71B7-4813-9F42-58B4EA5421D8\\Exports\\ppc715C8-71B7-4813-9F42-58B4EA5421D8\\Forcite_1\\default (476)","MSForcite_ConvergenceCriteriaMet":"Unconverged","MSForcite_Structure":"E:\\PPS\\web\\jobs\\tdmusho\\ppc715C8-71B7-4813-9F42-58B4EA5421D8\\Exports\\ppc715C8-71B7-4813-9F42-58B4EA5421D8\\Forcite_1\\default (476)\\default (476).xsd","ErrorText":"Convergence criteria has not been met."},
{"Smiles":"[O-][Cl](=O)(=O)=O.COc1ccc(cc1OC)C=Cc1cc[n+](c2c1cccc2)CC","CleanResult":"","MSForcite_OutputDirectory":"E:\\PPS\\web\\jobs\\tdmusho\\ppc715C8-71B7-4813-9F42-58B4EA5421D8\\Exports\\ppc715C8-71B7-4813-9F42-58B4EA5421D8\\Forcite_1\\default (477)","MSForcite_ConvergenceCriteriaMet":"Unconverged","MSForcite_Structure":"E:\\PPS\\web\\jobs\\tdmusho\\ppc715C8-71B7-4813-9F42-58B4EA5421D8\\Exports\\ppc715C8-71B7-4813-9F42-58B4EA5421D8\\Forcite_1\\default (477)\\default (477).xsd","ErrorText":"Convergence criteria has not been met."},
{"Smiles":"C#CCOC(=O)[C@H](C(C)C)NC1=C(Br)C(=O)O[C@@H]1OC1CC(C)CCC1C(C)C","CleanResult":"","MSForcite_OutputDirectory":"E:\\PPS\\web\\jobs\\tdmusho\\ppc715C8-71B7-4813-9F42-58B4EA5421D8\\Exports\\ppc715C8-71B7-4813-9F42-58B4EA5421D8\\Forcite_1\\default (484)","MSForcite_ConvergenceCriteriaMet":"Unconverged","MSForcite_Structure":"E:\\PPS\\web\\jobs\\tdmusho\\ppc715C8-71B7-4813-9F42-58B4EA5421D8\\Exports\\ppc715C8-71B7-4813-9F42-58B4EA5421D8\\Forcite_1\\default (484)\\default (484).xsd","ErrorText":"Convergence criteria has not been met."},
{"Smiles":"C#CCOC(=O)[C@H](C(C)C)NC1=C(Br)C(=O)O[C@@H]1OC1CC2C(C1(C)CC2)(C)C","CleanResult":"","MSForcite_OutputDirectory":"E:\\PPS\\web\\jobs\\tdmusho\\ppc715C8-71B7-4813-9F42-58B4EA5421D8\\Exports\\ppc715C8-71B7-4813-9F42-58B4EA5421D8\\Forcite_1\\default (485)","MSForcite_ConvergenceCriteriaMet":"Unconverged","MSForcite_Structure":"E:\\PPS\\web\\jobs\\tdmusho\\ppc715C8-71B7-4813-9F42-58B4EA5421D8\\Exports\\ppc715C8-71B7-4813-9F42-58B4EA5421D8\\Forcite_1\\default (485)\\default (485).xsd","ErrorText":"Convergence criteria has not been met."},
{"Smiles":"CCCC[Sn]([Sn]([Sn](CCCC)(CCCC)CCCC)(C)C)(CCCC)CCCC","CleanResult":"","MSForcite_OutputDirectory":"E:\\PPS\\web\\jobs\\tdmusho\\ppc715C8-71B7-4813-9F42-58B4EA5421D8\\Exports\\ppc715C8-71B7-4813-9F42-58B4EA5421D8\\Forcite_1\\default (486)","MSForcite_ConvergenceCriteriaMet":"Unconverged","MSForcite_Structure":"E:\\PPS\\web\\jobs\\tdmusho\\ppc715C8-71B7-4813-9F42-58B4EA5421D8\\Exports\\ppc715C8-71B7-4813-9F42-58B4EA5421D8\\Forcite_1\\default (486)\\default (486).xsd","ErrorText":"Convergence criteria has not been met."},
{"Smiles":"O=C1C=Cc2c(C1=NNc1ccc(cc1)S(=O)(=O)[O-])ccc(c2)S(=O)(=O)[O-].[Na+].[Na+]","CleanResult":"","MSForcite_OutputDirectory":"E:\\PPS\\web\\jobs\\tdmusho\\ppc715C8-71B7-4813-9F42-58B4EA5421D8\\Exports\\ppc715C8-71B7-4813-9F42-58B4EA5421D8\\Forcite_1\\default (488)","MSForcite_ConvergenceCriteriaMet":"Unconverged","MSForcite_Structure":"E:\\PPS\\web\\jobs\\tdmusho\\ppc715C8-71B7-4813-9F42-58B4EA5421D8\\Exports\\ppc715C8-71B7-4813-9F42-58B4EA5421D8\\Forcite_1\\default (488)\\default (488).xsd","ErrorText":"Convergence criteria has not been met."},
{"Smiles":"CN(c1ccc(cc1)[C+](c1ccc(cc1)N(C)C)c1ccc(cc1)N(C)C)C.[Cl-]","CleanResult":"","MSForcite_OutputDirectory":"E:\\PPS\\web\\jobs\\tdmusho\\ppc715C8-71B7-4813-9F42-58B4EA5421D8\\Exports\\ppc715C8-71B7-4813-9F42-58B4EA5421D8\\Forcite_1\\default (490)","MSForcite_ConvergenceCriteriaMet":"Unconverged","MSForcite_Structure":"E:\\PPS\\web\\jobs\\tdmusho\\ppc715C8-71B7-4813-9F42-58B4EA5421D8\\Exports\\ppc715C8-71B7-4813-9F42-58B4EA5421D8\\Forcite_1\\default (490)\\default (490).xsd","ErrorText":"Convergence criteria has not been met."},
{"Smiles":"CN(c1ccc(cc1)C=C1CCC2[N+]1(C)C=c1c(=N2)s(=O)c2c1CCCC2)C.[I-]","CleanResult":"","MSForcite_OutputDirectory":"E:\\PPS\\web\\jobs\\tdmusho\\ppc715C8-71B7-4813-9F42-58B4EA5421D8\\Exports\\ppc715C8-71B7-4813-9F42-58B4EA5421D8\\Forcite_1\\default (491)","MSForcite_ConvergenceCriteriaMet":"Unconverged","MSForcite_Structure":"E:\\PPS\\web\\jobs\\tdmusho\\ppc715C8-71B7-4813-9F42-58B4EA5421D8\\Exports\\ppc715C8-71B7-4813-9F42-58B4EA5421D8\\Forcite_1\\default (491)\\default (491).xsd","ErrorText":"Convergence criteria has not been met."},
{"Smiles":"O=C1CC(=O)NN1c1ccccc1.O=C1CC(=O)NN1c1ccccc1.NN=N","CleanResult":"","MSForcite_OutputDirectory":"E:\\PPS\\web\\jobs\\tdmusho\\ppc715C8-71B7-4813-9F42-58B4EA5421D8\\Exports\\ppc715C8-71B7-4813-9F42-58B4EA5421D8\\Forcite_1\\default (492)","MSForcite_ConvergenceCriteriaMet":"Unconverged","MSForcite_Structure":"E:\\PPS\\web\\jobs\\tdmusho\\ppc715C8-71B7-4813-9F42-58B4EA5421D8\\Exports\\ppc715C8-71B7-4813-9F42-58B4EA5421D8\\Forcite_1\\default (492)\\default (492).xsd","ErrorText":"Convergence criteria has not been met."},
{"Smiles":"NCCCCNCCCNC(=O)CNC(=O)[C@@H](NC(=O)CC[C@@H](C(=O)O)N)CS","CleanResult":"","MSForcite_OutputDirectory":"E:\\PPS\\web\\jobs\\tdmusho\\ppc715C8-71B7-4813-9F42-58B4EA5421D8\\Exports\\ppc715C8-71B7-4813-9F42-58B4EA5421D8\\Forcite_1\\default (493)","MSForcite_ConvergenceCriteriaMet":"Unconverged","MSForcite_Structure":"E:\\PPS\\web\\jobs\\tdmusho\\ppc715C8-71B7-4813-9F42-58B4EA5421D8\\Exports\\ppc715C8-71B7-4813-9F42-58B4EA5421D8\\Forcite_1\\default (493)\\default (493).xsd","ErrorText":"Convergence criteria has not been met."},
{"Smiles":"C[n+]1ccc(nc1)C=Cc1ccc(cc1)N(c1ccccc1)c1ccccc1.[I-]","CleanResult":"","MSForcite_OutputDirectory":"E:\\PPS\\web\\jobs\\tdmusho\\ppc715C8-71B7-4813-9F42-58B4EA5421D8\\Exports\\ppc715C8-71B7-4813-9F42-58B4EA5421D8\\Forcite_1\\default (494)","MSForcite_ConvergenceCriteriaMet":"Unconverged","MSForcite_Structure":"E:\\PPS\\web\\jobs\\tdmusho\\ppc715C8-71B7-4813-9F42-58B4EA5421D8\\Exports\\ppc715C8-71B7-4813-9F42-58B4EA5421D8\\Forcite_1\\default (494)\\default (494).xsd","ErrorText":"Convergence criteria has not been met."},
{"Smiles":"N#CC(=C1C(=O)C(=C1C=c1sc2c(n1C)cccc2)[O-])C#N.CC[NH+](CC)CC","CleanResult":"","MSForcite_OutputDirectory":"E:\\PPS\\web\\jobs\\tdmusho\\ppc715C8-71B7-4813-9F42-58B4EA5421D8\\Exports\\ppc715C8-71B7-4813-9F42-58B4EA5421D8\\Forcite_1\\default (496)","MSForcite_ConvergenceCriteriaMet":"Unconverged","MSForcite_Structure":"E:\\PPS\\web\\jobs\\tdmusho\\ppc715C8-71B7-4813-9F42-58B4EA5421D8\\Exports\\ppc715C8-71B7-4813-9F42-58B4EA5421D8\\Forcite_1\\default (496)\\default (496).xsd","ErrorText":"Convergence criteria has not been met."},
{"Smiles":"CC[NH+](CC)CC.N#CN=C1C(=O)C(=C1C=C1N(C)c2c(C1(C)C)cccc2)[O-]","CleanResult":"","MSForcite_OutputDirectory":"E:\\PPS\\web\\jobs\\tdmusho\\ppc715C8-71B7-4813-9F42-58B4EA5421D8\\Exports\\ppc715C8-71B7-4813-9F42-58B4EA5421D8\\Forcite_1\\default (497)","MSForcite_ConvergenceCriteriaMet":"Unconverged","MSForcite_Structure":"E:\\PPS\\web\\jobs\\tdmusho\\ppc715C8-71B7-4813-9F42-58B4EA5421D8\\Exports\\ppc715C8-71B7-4813-9F42-58B4EA5421D8\\Forcite_1\\default (497)\\default (497).xsd","ErrorText":"Convergence criteria has not been met."},
{"Smiles":"[O-]S(=O)(=O)O.CN(c1ccc2c(c1)Sc1c(N2)cc2c(c1)[NH2+]C(CC2C)(C)C)C","CleanResult":"","MSForcite_OutputDirectory":"E:\\PPS\\web\\jobs\\tdmusho\\ppc715C8-71B7-4813-9F42-58B4EA5421D8\\Exports\\ppc715C8-71B7-4813-9F42-58B4EA5421D8\\Forcite_1\\default (501)","MSForcite_ConvergenceCriteriaMet":"Unconverged","MSForcite_Structure":"E:\\PPS\\web\\jobs\\tdmusho\\ppc715C8-71B7-4813-9F42-58B4EA5421D8\\Exports\\ppc715C8-71B7-4813-9F42-58B4EA5421D8\\Forcite_1\\default (501)\\default (501).xsd","ErrorText":"Convergence criteria has not been met."},
{"Smiles":"[CH-]1C=CC=C1.C#Cc1ccc2c(c1)C(=O)c1c2ccc(c1)C#C[C-]1C=CC=C1.[Fe+2]","CleanResult":"","MSForcite_OutputDirectory":"E:\\PPS\\web\\jobs\\tdmusho\\ppc715C8-71B7-4813-9F42-58B4EA5421D8\\Exports\\ppc715C8-71B7-4813-9F42-58B4EA5421D8\\Forcite_1\\default (502)","MSForcite_ConvergenceCriteriaMet":"Unconverged","MSForcite_Structure":"E:\\PPS\\web\\jobs\\tdmusho\\ppc715C8-71B7-4813-9F42-58B4EA5421D8\\Exports\\ppc715C8-71B7-4813-9F42-58B4EA5421D8\\Forcite_1\\default (502)\\default (502).xsd","ErrorText":"Convergence criteria has not been met."},
{"Smiles":"Cc1cc2c(n1c1ccccc1)CCc1c2[nH]c(=O)c(c1)S(=O)(=O)c1ccccc1","CleanResult":"","MSForcite_OutputDirectory":"E:\\PPS\\web\\jobs\\tdmusho\\ppc715C8-71B7-4813-9F42-58B4EA5421D8\\Exports\\ppc715C8-71B7-4813-9F42-58B4EA5421D8\\Forcite_1\\default (503)","MSForcite_ConvergenceCriteriaMet":"Unconverged","MSForcite_Structure":"E:\\PPS\\web\\jobs\\tdmusho\\ppc715C8-71B7-4813-9F42-58B4EA5421D8\\Exports\\ppc715C8-71B7-4813-9F42-58B4EA5421D8\\Forcite_1\\default (503)\\default (503).xsd","ErrorText":"Convergence criteria has not been met."},
{"Smiles":"CCOc1nc(cc(c1C#N)c1ccc(cc1)N1CCOCC1)c1ccc(cc1)Cl","CleanResult":"","MSForcite_OutputDirectory":"E:\\PPS\\web\\jobs\\tdmusho\\ppc715C8-71B7-4813-9F42-58B4EA5421D8\\Exports\\ppc715C8-71B7-4813-9F42-58B4EA5421D8\\Forcite_1\\default (504)","MSForcite_ConvergenceCriteriaMet":"Unconverged","MSForcite_Structure":"E:\\PPS\\web\\jobs\\tdmusho\\ppc715C8-71B7-4813-9F42-58B4EA5421D8\\Exports\\ppc715C8-71B7-4813-9F42-58B4EA5421D8\\Forcite_1\\default (504)\\default (504).xsd","ErrorText":"Convergence criteria has not been met."},
{"Smiles":"CCOc1nc(cc(c1C#N)c1ccc(cc1)N1CCOCC1)c1ccc(cc1)F","CleanResult":"","MSForcite_OutputDirectory":"E:\\PPS\\web\\jobs\\tdmusho\\ppc715C8-71B7-4813-9F42-58B4EA5421D8\\Exports\\ppc715C8-71B7-4813-9F42-58B4EA5421D8\\Forcite_1\\default (505)","MSForcite_ConvergenceCriteriaMet":"Unconverged","MSForcite_Structure":"E:\\PPS\\web\\jobs\\tdmusho\\ppc715C8-71B7-4813-9F42-58B4EA5421D8\\Exports\\ppc715C8-71B7-4813-9F42-58B4EA5421D8\\Forcite_1\\default (505)\\default (505).xsd","ErrorText":"Convergence criteria has not been met."}
]