﻿[
{"Smiles":"Fc1ccc(cc1)c1[nH]c(cn2c1nc(c2=O)Cc1ccc(cc1)O)c1ccc(cc1)F","CleanResult":"","MSForcite_OutputDirectory":"E:\\PPS\\web\\jobs\\tdmusho\\ppc715C8-71B7-4813-9F42-58B4EA5421D8\\Exports\\ppc715C8-71B7-4813-9F42-58B4EA5421D8\\Forcite_1\\default (1014)","MSForcite_ConvergenceCriteriaMet":"Converged","MSForcite_Structure":"E:\\PPS\\web\\jobs\\tdmusho\\ppc715C8-71B7-4813-9F42-58B4EA5421D8\\Exports\\ppc715C8-71B7-4813-9F42-58B4EA5421D8\\Forcite_1\\default (1014)\\default (1014).xsd","MSForcite_TotalEnergy":97.2425246372683,"ErrorText":"VAMP job failed with:\nTask completed with failure.\n\nFAIL in VAMP.GeometryOptimization (function/property \"Run\")"},
{"Smiles":"Oc1cc(O)c2c(c1)oc(c(c2=O)OC1OC(C)C(C(C1O)O)O)c1ccc(c(c1)O)O","CleanResult":"","MSForcite_OutputDirectory":"E:\\PPS\\web\\jobs\\tdmusho\\ppc715C8-71B7-4813-9F42-58B4EA5421D8\\Exports\\ppc715C8-71B7-4813-9F42-58B4EA5421D8\\Forcite_1\\default (1012)","MSForcite_ConvergenceCriteriaMet":"Converged","MSForcite_Structure":"E:\\PPS\\web\\jobs\\tdmusho\\ppc715C8-71B7-4813-9F42-58B4EA5421D8\\Exports\\ppc715C8-71B7-4813-9F42-58B4EA5421D8\\Forcite_1\\default (1012)\\default (1012).xsd","MSForcite_TotalEnergy":93.6865988787513,"ErrorText":"VAMP job failed with:\nTask completed with failure.\n\nFAIL in VAMP.GeometryOptimization (function/property \"Run\")"},
{"Smiles":"Fc1ccc(cc1)c1[nH]c(cn2c1nc(c2=O)Cc1ccc(cc1)O)c1ccc(cc1)O","CleanResult":"","MSForcite_OutputDirectory":"E:\\PPS\\web\\jobs\\tdmusho\\ppc715C8-71B7-4813-9F42-58B4EA5421D8\\Exports\\ppc715C8-71B7-4813-9F42-58B4EA5421D8\\Forcite_1\\default (1016)","MSForcite_ConvergenceCriteriaMet":"Converged","MSForcite_Structure":"E:\\PPS\\web\\jobs\\tdmusho\\ppc715C8-71B7-4813-9F42-58B4EA5421D8\\Exports\\ppc715C8-71B7-4813-9F42-58B4EA5421D8\\Forcite_1\\default (1016)\\default (1016).xsd","MSForcite_TotalEnergy":98.7795144594993,"ErrorText":"VAMP job failed with:\nTask completed with failure.\n\nFAIL in VAMP.GeometryOptimization (function/property \"Run\")"},
{"Smiles":"Oc1cc(O)c2c(c1)O[C@H]([C@H](C2)OC(=O)c1cc(O)c(c(c1)O)O)c1ccc(c(c1)O)O","CleanResult":"","MSForcite_OutputDirectory":"E:\\PPS\\web\\jobs\\tdmusho\\ppc715C8-71B7-4813-9F42-58B4EA5421D8\\Exports\\ppc715C8-71B7-4813-9F42-58B4EA5421D8\\Forcite_1\\default (1020)","MSForcite_ConvergenceCriteriaMet":"Converged","MSForcite_Structure":"E:\\PPS\\web\\jobs\\tdmusho\\ppc715C8-71B7-4813-9F42-58B4EA5421D8\\Exports\\ppc715C8-71B7-4813-9F42-58B4EA5421D8\\Forcite_1\\default (1020)\\default (1020).xsd","MSForcite_TotalEnergy":69.3023934235259,"ErrorText":"VAMP job failed with:\nTask completed with failure.\n\nFAIL in VAMP.GeometryOptimization (function/property \"Run\")"},
{"Smiles":"Oc1ccc(cc1)Cc1nc2n(c1=O)cc([nH]c2Cc1ccccc1)c1ccc(cc1)O","CleanResult":"","MSForcite_OutputDirectory":"E:\\PPS\\web\\jobs\\tdmusho\\ppc715C8-71B7-4813-9F42-58B4EA5421D8\\Exports\\ppc715C8-71B7-4813-9F42-58B4EA5421D8\\Forcite_1\\default (1018)","MSForcite_ConvergenceCriteriaMet":"Converged","MSForcite_Structure":"E:\\PPS\\web\\jobs\\tdmusho\\ppc715C8-71B7-4813-9F42-58B4EA5421D8\\Exports\\ppc715C8-71B7-4813-9F42-58B4EA5421D8\\Forcite_1\\default (1018)\\default (1018).xsd","MSForcite_TotalEnergy":91.6713974530035,"ErrorText":"VAMP job failed with:\nTask completed with failure.\n\nFAIL in VAMP.GeometryOptimization (function/property \"Run\")"},
{"Smiles":"O1CCN(CC1)c1cc2OC(C=Cc2c2c1cccc2)(c1ccccc1)c1ccccc1","CleanResult":"","MSForcite_OutputDirectory":"E:\\PPS\\web\\jobs\\tdmusho\\ppc715C8-71B7-4813-9F42-58B4EA5421D8\\Exports\\ppc715C8-71B7-4813-9F42-58B4EA5421D8\\Forcite_1\\default (1036)","MSForcite_ConvergenceCriteriaMet":"Converged","MSForcite_Structure":"E:\\PPS\\web\\jobs\\tdmusho\\ppc715C8-71B7-4813-9F42-58B4EA5421D8\\Exports\\ppc715C8-71B7-4813-9F42-58B4EA5421D8\\Forcite_1\\default (1036)\\default (1036).xsd","MSForcite_TotalEnergy":89.3582743704394,"ErrorText":"VAMP job failed with:\nTask completed with failure.\n\nFAIL in VAMP.GeometryOptimization (function/property \"Run\")"},
{"Smiles":"c1ccc(cc1)c1ccc(cc1)c1c2ccccc2c(c2c1cccc2)c1ccccc1","CleanResult":"","MSForcite_OutputDirectory":"E:\\PPS\\web\\jobs\\tdmusho\\ppc715C8-71B7-4813-9F42-58B4EA5421D8\\Exports\\ppc715C8-71B7-4813-9F42-58B4EA5421D8\\Forcite_1\\default (1041)","MSForcite_ConvergenceCriteriaMet":"Converged","MSForcite_Structure":"E:\\PPS\\web\\jobs\\tdmusho\\ppc715C8-71B7-4813-9F42-58B4EA5421D8\\Exports\\ppc715C8-71B7-4813-9F42-58B4EA5421D8\\Forcite_1\\default (1041)\\default (1041).xsd","MSForcite_TotalEnergy":98.4014472456022,"ErrorText":"VAMP job failed with:\nTask completed with failure.\n\nFAIL in VAMP.GeometryOptimization (function/property \"Run\")"},
{"Smiles":"COc1nc(NN=Cc2cccc(c2O)OC)nc(n1)NN=Cc1cccc(c1O)OC","CleanResult":"","MSForcite_OutputDirectory":"E:\\PPS\\web\\jobs\\tdmusho\\ppc715C8-71B7-4813-9F42-58B4EA5421D8\\Exports\\ppc715C8-71B7-4813-9F42-58B4EA5421D8\\Forcite_1\\default (1043)","MSForcite_ConvergenceCriteriaMet":"Converged","MSForcite_Structure":"E:\\PPS\\web\\jobs\\tdmusho\\ppc715C8-71B7-4813-9F42-58B4EA5421D8\\Exports\\ppc715C8-71B7-4813-9F42-58B4EA5421D8\\Forcite_1\\default (1043)\\default (1043).xsd","MSForcite_TotalEnergy":80.5095772588886,"ErrorText":"VAMP job failed with:\nTask completed with failure.\n\nFAIL in VAMP.GeometryOptimization (function/property \"Run\")"},
{"Smiles":"O=Cc1c(C)c2C=CC3(Oc2c2c1oc(=O)cc2C)N(C(C)C)c1c(C3(C)C)cccc1","CleanResult":"","MSForcite_OutputDirectory":"E:\\PPS\\web\\jobs\\tdmusho\\ppc715C8-71B7-4813-9F42-58B4EA5421D8\\Exports\\ppc715C8-71B7-4813-9F42-58B4EA5421D8\\Forcite_1\\default (1046)","MSForcite_ConvergenceCriteriaMet":"Converged","MSForcite_Structure":"E:\\PPS\\web\\jobs\\tdmusho\\ppc715C8-71B7-4813-9F42-58B4EA5421D8\\Exports\\ppc715C8-71B7-4813-9F42-58B4EA5421D8\\Forcite_1\\default (1046)\\default (1046).xsd","MSForcite_TotalEnergy":98.7091910756793,"ErrorText":"VAMP job failed with:\nTask completed with failure.\n\nFAIL in VAMP.GeometryOptimization (function/property \"Run\")"},
{"Smiles":"OC(=O)CCC(C(=O)O)NC(=O)c1ccc(cc1)NCC1CNc2c(N1)c(=O)nc([nH]2)N","CleanResult":"","MSForcite_OutputDirectory":"E:\\PPS\\web\\jobs\\tdmusho\\ppc715C8-71B7-4813-9F42-58B4EA5421D8\\Exports\\ppc715C8-71B7-4813-9F42-58B4EA5421D8\\Forcite_1\\default (1050)","MSForcite_ConvergenceCriteriaMet":"Converged","MSForcite_Structure":"E:\\PPS\\web\\jobs\\tdmusho\\ppc715C8-71B7-4813-9F42-58B4EA5421D8\\Exports\\ppc715C8-71B7-4813-9F42-58B4EA5421D8\\Forcite_1\\default (1050)\\default (1050).xsd","MSForcite_TotalEnergy":50.9189395556808,"ErrorText":"VAMP job failed with:\nTask completed with failure.\n\nFAIL in VAMP.GeometryOptimization (function/property \"Run\")"},
{"Smiles":"CN(c1ccc(cc1)C=Cc1c(F)c(F)c(c(c1F)F)C=Cc1ccc(cc1)N(C)C)C","CleanResult":"","MSForcite_OutputDirectory":"E:\\PPS\\web\\jobs\\tdmusho\\ppc715C8-71B7-4813-9F42-58B4EA5421D8\\Exports\\ppc715C8-71B7-4813-9F42-58B4EA5421D8\\Forcite_1\\default (1052)","MSForcite_ConvergenceCriteriaMet":"Converged","MSForcite_Structure":"E:\\PPS\\web\\jobs\\tdmusho\\ppc715C8-71B7-4813-9F42-58B4EA5421D8\\Exports\\ppc715C8-71B7-4813-9F42-58B4EA5421D8\\Forcite_1\\default (1052)\\default (1052).xsd","MSForcite_TotalEnergy":75.5369673379719,"ErrorText":"VAMP job failed with:\nTask completed with failure.\n\nFAIL in VAMP.GeometryOptimization (function/property \"Run\")"},
{"Smiles":"COc1ccc(cc1)Oc1c2C(=O)c3ccccc3c3c2c(c2c1cccc2)oc(=O)c3","CleanResult":"","MSForcite_OutputDirectory":"E:\\PPS\\web\\jobs\\tdmusho\\ppc715C8-71B7-4813-9F42-58B4EA5421D8\\Exports\\ppc715C8-71B7-4813-9F42-58B4EA5421D8\\Forcite_1\\default (1062)","MSForcite_ConvergenceCriteriaMet":"Converged","MSForcite_Structure":"E:\\PPS\\web\\jobs\\tdmusho\\ppc715C8-71B7-4813-9F42-58B4EA5421D8\\Exports\\ppc715C8-71B7-4813-9F42-58B4EA5421D8\\Forcite_1\\default (1062)\\default (1062).xsd","MSForcite_TotalEnergy":92.1129527763764,"ErrorText":"VAMP job failed with:\nTask completed with failure.\n\nFAIL in VAMP.GeometryOptimization (function/property \"Run\")"},
{"Smiles":"COc1ccc2c(c1)C(C)(C)C1(N2C)C=Cc2c(O1)c1c(C)cc(=O)oc1c(c2C)C=O","CleanResult":"","MSForcite_OutputDirectory":"E:\\PPS\\web\\jobs\\tdmusho\\ppc715C8-71B7-4813-9F42-58B4EA5421D8\\Exports\\ppc715C8-71B7-4813-9F42-58B4EA5421D8\\Forcite_1\\default (1060)","MSForcite_ConvergenceCriteriaMet":"Converged","MSForcite_Structure":"E:\\PPS\\web\\jobs\\tdmusho\\ppc715C8-71B7-4813-9F42-58B4EA5421D8\\Exports\\ppc715C8-71B7-4813-9F42-58B4EA5421D8\\Forcite_1\\default (1060)\\default (1060).xsd","MSForcite_TotalEnergy":102.024697616887,"ErrorText":"VAMP job failed with:\nTask completed with failure.\n\nFAIL in VAMP.GeometryOptimization (function/property \"Run\")"},
{"Smiles":"Oc1c2cccc1Cc1cccc(c1O)Cc1c(c(Cc3c(c(C2)ccc3)O)ccc1)O","CleanResult":"","MSForcite_OutputDirectory":"E:\\PPS\\web\\jobs\\tdmusho\\ppc715C8-71B7-4813-9F42-58B4EA5421D8\\Exports\\ppc715C8-71B7-4813-9F42-58B4EA5421D8\\Forcite_1\\default (1065)","MSForcite_ConvergenceCriteriaMet":"Converged","MSForcite_Structure":"E:\\PPS\\web\\jobs\\tdmusho\\ppc715C8-71B7-4813-9F42-58B4EA5421D8\\Exports\\ppc715C8-71B7-4813-9F42-58B4EA5421D8\\Forcite_1\\default (1065)\\default (1065).xsd","MSForcite_TotalEnergy":76.0907583974134,"ErrorText":"VAMP job failed with:\nTask completed with failure.\n\nFAIL in VAMP.GeometryOptimization (function/property \"Run\")"},
{"Smiles":"O=C1c2ccccc2C(=O)c2c1c1nc(c3ccccc3)c(nc1cc2)c1ccccc1","CleanResult":"","MSForcite_OutputDirectory":"E:\\PPS\\web\\jobs\\tdmusho\\ppc715C8-71B7-4813-9F42-58B4EA5421D8\\Exports\\ppc715C8-71B7-4813-9F42-58B4EA5421D8\\Forcite_1\\default (1067)","MSForcite_ConvergenceCriteriaMet":"Converged","MSForcite_Structure":"E:\\PPS\\web\\jobs\\tdmusho\\ppc715C8-71B7-4813-9F42-58B4EA5421D8\\Exports\\ppc715C8-71B7-4813-9F42-58B4EA5421D8\\Forcite_1\\default (1067)\\default (1067).xsd","MSForcite_TotalEnergy":79.5207890302854,"ErrorText":"VAMP job failed with:\nTask completed with failure.\n\nFAIL in VAMP.GeometryOptimization (function/property \"Run\")"},
{"Smiles":"CCOC(=O)Cn1cc(C(=O)c2ccccc2Cc2ccccc2)c(=O)c2c1cccc2","CleanResult":"","MSForcite_OutputDirectory":"E:\\PPS\\web\\jobs\\tdmusho\\ppc715C8-71B7-4813-9F42-58B4EA5421D8\\Exports\\ppc715C8-71B7-4813-9F42-58B4EA5421D8\\Forcite_1\\default (1070)","MSForcite_ConvergenceCriteriaMet":"Converged","MSForcite_Structure":"E:\\PPS\\web\\jobs\\tdmusho\\ppc715C8-71B7-4813-9F42-58B4EA5421D8\\Exports\\ppc715C8-71B7-4813-9F42-58B4EA5421D8\\Forcite_1\\default (1070)\\default (1070).xsd","MSForcite_TotalEnergy":69.9513461035536,"ErrorText":"VAMP job failed with:\nTask completed with failure.\n\nFAIL in VAMP.GeometryOptimization (function/property \"Run\")"},
{"Smiles":"O=C(c1cc(C(=O)CC(=O)c2ccc(cc2)F)c(nc1C)C)CC(=O)c1ccc(cc1)F","CleanResult":"","MSForcite_OutputDirectory":"E:\\PPS\\web\\jobs\\tdmusho\\ppc715C8-71B7-4813-9F42-58B4EA5421D8\\Exports\\ppc715C8-71B7-4813-9F42-58B4EA5421D8\\Forcite_1\\default (1072)","MSForcite_ConvergenceCriteriaMet":"Converged","MSForcite_Structure":"E:\\PPS\\web\\jobs\\tdmusho\\ppc715C8-71B7-4813-9F42-58B4EA5421D8\\Exports\\ppc715C8-71B7-4813-9F42-58B4EA5421D8\\Forcite_1\\default (1072)\\default (1072).xsd","MSForcite_TotalEnergy":62.8974028718525,"ErrorText":"VAMP job failed with:\nTask completed with failure.\n\nFAIL in VAMP.GeometryOptimization (function/property \"Run\")"},
{"Smiles":"O[C@H]1CC(=O)O[C@@H](C1)C=Cc1c(nc(cc1c1ccc(cc1)F)c1ccccc1)C(C)C","CleanResult":"","MSForcite_OutputDirectory":"E:\\PPS\\web\\jobs\\tdmusho\\ppc715C8-71B7-4813-9F42-58B4EA5421D8\\Exports\\ppc715C8-71B7-4813-9F42-58B4EA5421D8\\Forcite_1\\default (1076)","MSForcite_ConvergenceCriteriaMet":"Converged","MSForcite_Structure":"E:\\PPS\\web\\jobs\\tdmusho\\ppc715C8-71B7-4813-9F42-58B4EA5421D8\\Exports\\ppc715C8-71B7-4813-9F42-58B4EA5421D8\\Forcite_1\\default (1076)\\default (1076).xsd","MSForcite_TotalEnergy":73.2572814113924,"ErrorText":"VAMP job failed with:\nTask completed with failure.\n\nFAIL in VAMP.GeometryOptimization (function/property \"Run\")"},
{"Smiles":"COc1ccc(cc1F)C1(COC2C(=C1)c1ccccc1C=C2)c1ccc(c(c1)F)OC","CleanResult":"","MSForcite_OutputDirectory":"E:\\PPS\\web\\jobs\\tdmusho\\ppc715C8-71B7-4813-9F42-58B4EA5421D8\\Exports\\ppc715C8-71B7-4813-9F42-58B4EA5421D8\\Forcite_1\\default (1088)","MSForcite_ConvergenceCriteriaMet":"Converged","MSForcite_Structure":"E:\\PPS\\web\\jobs\\tdmusho\\ppc715C8-71B7-4813-9F42-58B4EA5421D8\\Exports\\ppc715C8-71B7-4813-9F42-58B4EA5421D8\\Forcite_1\\default (1088)\\default (1088).xsd","MSForcite_TotalEnergy":90.5866346743603,"ErrorText":"VAMP job failed with:\nTask completed with failure.\n\nFAIL in VAMP.GeometryOptimization (function/property \"Run\")"},
{"Smiles":"c1ccc2c(c1)cc(cc2)c1ccc(cc1)c1ccc(cc1)c1ccc2c(c1)cccc2","CleanResult":"","MSForcite_OutputDirectory":"E:\\PPS\\web\\jobs\\tdmusho\\ppc715C8-71B7-4813-9F42-58B4EA5421D8\\Exports\\ppc715C8-71B7-4813-9F42-58B4EA5421D8\\Forcite_1\\default (1093)","MSForcite_ConvergenceCriteriaMet":"Converged","MSForcite_Structure":"E:\\PPS\\web\\jobs\\tdmusho\\ppc715C8-71B7-4813-9F42-58B4EA5421D8\\Exports\\ppc715C8-71B7-4813-9F42-58B4EA5421D8\\Forcite_1\\default (1093)\\default (1093).xsd","MSForcite_TotalEnergy":85.2156333478452,"ErrorText":"VAMP job failed with:\nTask completed with failure.\n\nFAIL in VAMP.GeometryOptimization (function/property \"Run\")"},
{"Smiles":"c1ccc(cc1)N(c1ccccc1)c1ccc(cc1)N(c1ccccc1)c1ccccc1","CleanResult":"","MSForcite_OutputDirectory":"E:\\PPS\\web\\jobs\\tdmusho\\ppc715C8-71B7-4813-9F42-58B4EA5421D8\\Exports\\ppc715C8-71B7-4813-9F42-58B4EA5421D8\\Forcite_1\\default (1094)","MSForcite_ConvergenceCriteriaMet":"Converged","MSForcite_Structure":"E:\\PPS\\web\\jobs\\tdmusho\\ppc715C8-71B7-4813-9F42-58B4EA5421D8\\Exports\\ppc715C8-71B7-4813-9F42-58B4EA5421D8\\Forcite_1\\default (1094)\\default (1094).xsd","MSForcite_TotalEnergy":87.77203336812,"ErrorText":"VAMP job failed with:\nTask completed with failure.\n\nFAIL in VAMP.GeometryOptimization (function/property \"Run\")"},
{"Smiles":"O=C1OC(C)(C)OC(=O)C1=CC=CC=C1C=C(OC(=C1)c1ccccc1)c1ccccc1","CleanResult":"","MSForcite_OutputDirectory":"E:\\PPS\\web\\jobs\\tdmusho\\ppc715C8-71B7-4813-9F42-58B4EA5421D8\\Exports\\ppc715C8-71B7-4813-9F42-58B4EA5421D8\\Forcite_1\\default (1101)","MSForcite_ConvergenceCriteriaMet":"Converged","MSForcite_Structure":"E:\\PPS\\web\\jobs\\tdmusho\\ppc715C8-71B7-4813-9F42-58B4EA5421D8\\Exports\\ppc715C8-71B7-4813-9F42-58B4EA5421D8\\Forcite_1\\default (1101)\\default (1101).xsd","MSForcite_TotalEnergy":78.0122594126414,"ErrorText":"VAMP job failed with:\nTask completed with failure.\n\nFAIL in VAMP.GeometryOptimization (function/property \"Run\")"},
{"Smiles":"O=C1C(=CC=CC=C2C=C(OC(=C2)c2ccccc2)c2ccccc2)C(=O)c2c1csc2","CleanResult":"","MSForcite_OutputDirectory":"E:\\PPS\\web\\jobs\\tdmusho\\ppc715C8-71B7-4813-9F42-58B4EA5421D8\\Exports\\ppc715C8-71B7-4813-9F42-58B4EA5421D8\\Forcite_1\\default (1058)","MSForcite_ConvergenceCriteriaMet":"Converged","MSForcite_Structure":"E:\\PPS\\web\\jobs\\tdmusho\\ppc715C8-71B7-4813-9F42-58B4EA5421D8\\Exports\\ppc715C8-71B7-4813-9F42-58B4EA5421D8\\Forcite_1\\default (1058)\\default (1058).xsd","MSForcite_TotalEnergy":111.206195053962,"ErrorText":"VAMP job failed with:\nTask completed with failure.\n\nFAIL in VAMP.GeometryOptimization (function/property \"Run\")"},
{"Smiles":"CN1c2ccc(cc2Sc2c1cccc2)N=Cc1cccc2c1Sc1ccccc1N2C","CleanResult":"","MSForcite_OutputDirectory":"E:\\PPS\\web\\jobs\\tdmusho\\ppc715C8-71B7-4813-9F42-58B4EA5421D8\\Exports\\ppc715C8-71B7-4813-9F42-58B4EA5421D8\\Forcite_1\\default (1048)","MSForcite_ConvergenceCriteriaMet":"Converged","MSForcite_Structure":"E:\\PPS\\web\\jobs\\tdmusho\\ppc715C8-71B7-4813-9F42-58B4EA5421D8\\Exports\\ppc715C8-71B7-4813-9F42-58B4EA5421D8\\Forcite_1\\default (1048)\\default (1048).xsd","MSForcite_TotalEnergy":91.5979982676123,"ErrorText":"VAMP job failed with:\nTask completed with failure.\n\nFAIL in VAMP.GeometryOptimization (function/property \"Run\")"},
{"Smiles":"C1(C)c2cc(ccc2c2c1cc(cc2)C=C(c1cccs1)C#N)C=C(c1cccs1)C#N","CleanResult":"","MSForcite_OutputDirectory":"E:\\PPS\\web\\jobs\\tdmusho\\ppc715C8-71B7-4813-9F42-58B4EA5421D8\\Exports\\ppc715C8-71B7-4813-9F42-58B4EA5421D8\\Forcite_1\\default (1078)","MSForcite_ConvergenceCriteriaMet":"Converged","MSForcite_Structure":"E:\\PPS\\web\\jobs\\tdmusho\\ppc715C8-71B7-4813-9F42-58B4EA5421D8\\Exports\\ppc715C8-71B7-4813-9F42-58B4EA5421D8\\Forcite_1\\default (1078)\\default (1078).xsd","MSForcite_TotalEnergy":92.4586944779473,"ErrorText":"VAMP job failed with:\nTask completed with failure.\n\nFAIL in VAMP.GeometryOptimization (function/property \"Run\")"},
{"Smiles":"CN1c2c(cccc2Sc2c1cccc2)C=Nc1ccc2c(c1)Sc1c(N2C)cccc1","CleanResult":"","MSForcite_OutputDirectory":"E:\\PPS\\web\\jobs\\tdmusho\\ppc715C8-71B7-4813-9F42-58B4EA5421D8\\Exports\\ppc715C8-71B7-4813-9F42-58B4EA5421D8\\Forcite_1\\default (1079)","MSForcite_ConvergenceCriteriaMet":"Converged","MSForcite_Structure":"E:\\PPS\\web\\jobs\\tdmusho\\ppc715C8-71B7-4813-9F42-58B4EA5421D8\\Exports\\ppc715C8-71B7-4813-9F42-58B4EA5421D8\\Forcite_1\\default (1079)\\default (1079).xsd","MSForcite_TotalEnergy":89.9067297609993,"ErrorText":"VAMP job failed with:\nTask completed with failure.\n\nFAIL in VAMP.GeometryOptimization (function/property \"Run\")"},
{"Smiles":"COC(=O)[C@@]1(C[C@]1(O[Si](C(C)(C)C)(C)C)c1ccc(cc1)C(F)(F)F)c1ccc(cc1)Br","CleanResult":"","MSForcite_OutputDirectory":"E:\\PPS\\web\\jobs\\tdmusho\\ppc715C8-71B7-4813-9F42-58B4EA5421D8\\Exports\\ppc715C8-71B7-4813-9F42-58B4EA5421D8\\Forcite_1\\default (1068)","MSForcite_ConvergenceCriteriaMet":"Converged","MSForcite_Structure":"E:\\PPS\\web\\jobs\\tdmusho\\ppc715C8-71B7-4813-9F42-58B4EA5421D8\\Exports\\ppc715C8-71B7-4813-9F42-58B4EA5421D8\\Forcite_1\\default (1068)\\default (1068).xsd","MSForcite_TotalEnergy":313.10845571855,"ErrorText":"VAMP job failed with:\nTask completed with failure.\n\nFAIL in VAMP.GeometryOptimization (function/property \"Run\")"},
{"Smiles":"CCCN1c2ccc(cc2Sc2c1cccc2)C=Cc1cc(=O)oc2c1cc(Cl)c(c2)C","CleanResult":"","MSForcite_OutputDirectory":"E:\\PPS\\web\\jobs\\tdmusho\\ppc715C8-71B7-4813-9F42-58B4EA5421D8\\Exports\\ppc715C8-71B7-4813-9F42-58B4EA5421D8\\Forcite_1\\default (1085)","MSForcite_ConvergenceCriteriaMet":"Converged","MSForcite_Structure":"E:\\PPS\\web\\jobs\\tdmusho\\ppc715C8-71B7-4813-9F42-58B4EA5421D8\\Exports\\ppc715C8-71B7-4813-9F42-58B4EA5421D8\\Forcite_1\\default (1085)\\default (1085).xsd","MSForcite_TotalEnergy":77.0572820234859,"ErrorText":"VAMP job failed with:\nTask completed with failure.\n\nFAIL in VAMP.GeometryOptimization (function/property \"Run\")"}
]