﻿[
{"Smiles":"CN1C(=O)C(=CC=C2OC(=CC(=C2)c2ccccc2)c2ccccc2)C(=O)N(C1=O)C","CleanResult":"","MSForcite_OutputDirectory":"E:\\PPS\\web\\jobs\\tdmusho\\ppc715C8-71B7-4813-9F42-58B4EA5421D8\\Exports\\ppc715C8-71B7-4813-9F42-58B4EA5421D8\\Forcite_1\\default (913)","MSForcite_ConvergenceCriteriaMet":"Converged","MSForcite_Structure":"E:\\PPS\\web\\jobs\\tdmusho\\ppc715C8-71B7-4813-9F42-58B4EA5421D8\\Exports\\ppc715C8-71B7-4813-9F42-58B4EA5421D8\\Forcite_1\\default (913)\\default (913).xsd","MSForcite_TotalEnergy":79.2818344627215,"ErrorText":"VAMP job failed with:\nTask completed with failure.\n\nFAIL in VAMP.GeometryOptimization (function/property \"Run\")"},
{"Smiles":"CC(c1ccc(cc1)c1nc2CCc3c(c2c2c1c1ccccc1CC2)cccc3)C","CleanResult":"","MSForcite_OutputDirectory":"E:\\PPS\\web\\jobs\\tdmusho\\ppc715C8-71B7-4813-9F42-58B4EA5421D8\\Exports\\ppc715C8-71B7-4813-9F42-58B4EA5421D8\\Forcite_1\\default (917)","MSForcite_ConvergenceCriteriaMet":"Converged","MSForcite_Structure":"E:\\PPS\\web\\jobs\\tdmusho\\ppc715C8-71B7-4813-9F42-58B4EA5421D8\\Exports\\ppc715C8-71B7-4813-9F42-58B4EA5421D8\\Forcite_1\\default (917)\\default (917).xsd","MSForcite_TotalEnergy":88.0822668425859,"ErrorText":"VAMP job failed with:\nTask completed with failure.\n\nFAIL in VAMP.GeometryOptimization (function/property \"Run\")"},
{"Smiles":"COC(=O)C=c1sc2=NC3=C(C(n2c1=O)c1ccc(cc1)C)C3=Cc1ccc(cc1)C","CleanResult":"","MSForcite_OutputDirectory":"E:\\PPS\\web\\jobs\\tdmusho\\ppc715C8-71B7-4813-9F42-58B4EA5421D8\\Exports\\ppc715C8-71B7-4813-9F42-58B4EA5421D8\\Forcite_1\\default (935)","MSForcite_ConvergenceCriteriaMet":"Converged","MSForcite_Structure":"E:\\PPS\\web\\jobs\\tdmusho\\ppc715C8-71B7-4813-9F42-58B4EA5421D8\\Exports\\ppc715C8-71B7-4813-9F42-58B4EA5421D8\\Forcite_1\\default (935)\\default (935).xsd","MSForcite_TotalEnergy":262.633318015579,"ErrorText":"VAMP job failed with:\nTask completed with failure.\n\nFAIL in VAMP.GeometryOptimization (function/property \"Run\")"},
{"Smiles":"OCC1OC(Oc2cc(O)c3c(c2)occ(c3=O)c2ccc(cc2)O)C(C(C1O)O)O","CleanResult":"","MSForcite_OutputDirectory":"E:\\PPS\\web\\jobs\\tdmusho\\ppc715C8-71B7-4813-9F42-58B4EA5421D8\\Exports\\ppc715C8-71B7-4813-9F42-58B4EA5421D8\\Forcite_1\\default (933)","MSForcite_ConvergenceCriteriaMet":"Converged","MSForcite_Structure":"E:\\PPS\\web\\jobs\\tdmusho\\ppc715C8-71B7-4813-9F42-58B4EA5421D8\\Exports\\ppc715C8-71B7-4813-9F42-58B4EA5421D8\\Forcite_1\\default (933)\\default (933).xsd","MSForcite_TotalEnergy":76.6729972029711,"ErrorText":"VAMP job failed with:\nTask completed with failure.\n\nFAIL in VAMP.GeometryOptimization (function/property \"Run\")"},
{"Smiles":"N#Cc1c2cc([nH]n2c(=N)c2c1c1CCc3c(c1oc2=O)cccc3)c1ccccc1","CleanResult":"","MSForcite_OutputDirectory":"E:\\PPS\\web\\jobs\\tdmusho\\ppc715C8-71B7-4813-9F42-58B4EA5421D8\\Exports\\ppc715C8-71B7-4813-9F42-58B4EA5421D8\\Forcite_1\\default (947)","MSForcite_ConvergenceCriteriaMet":"Converged","MSForcite_Structure":"E:\\PPS\\web\\jobs\\tdmusho\\ppc715C8-71B7-4813-9F42-58B4EA5421D8\\Exports\\ppc715C8-71B7-4813-9F42-58B4EA5421D8\\Forcite_1\\default (947)\\default (947).xsd","MSForcite_TotalEnergy":111.405030463156,"ErrorText":"VAMP job failed with:\nTask completed with failure.\n\nFAIL in VAMP.GeometryOptimization (function/property \"Run\")"},
{"Smiles":"CCOc1ccc(cc1OC)C=CC(=O)CC(=O)C=Cc1ccc(c(c1)OC)OCC","CleanResult":"","MSForcite_OutputDirectory":"E:\\PPS\\web\\jobs\\tdmusho\\ppc715C8-71B7-4813-9F42-58B4EA5421D8\\Exports\\ppc715C8-71B7-4813-9F42-58B4EA5421D8\\Forcite_1\\default (955)","MSForcite_ConvergenceCriteriaMet":"Converged","MSForcite_Structure":"E:\\PPS\\web\\jobs\\tdmusho\\ppc715C8-71B7-4813-9F42-58B4EA5421D8\\Exports\\ppc715C8-71B7-4813-9F42-58B4EA5421D8\\Forcite_1\\default (955)\\default (955).xsd","MSForcite_TotalEnergy":71.272281186611,"ErrorText":"VAMP job failed with:\nTask completed with failure.\n\nFAIL in VAMP.GeometryOptimization (function/property \"Run\")"},
{"Smiles":"[CH-]1C=CC=C1.CC(OC1=C([C-]2C=CC=C2)C(=O)c2c(C1=O)ccc(c2)C(F)(F)F)C.[Fe+2]","CleanResult":"","MSForcite_OutputDirectory":"E:\\PPS\\web\\jobs\\tdmusho\\ppc715C8-71B7-4813-9F42-58B4EA5421D8\\Exports\\ppc715C8-71B7-4813-9F42-58B4EA5421D8\\Forcite_1\\default (979)","MSForcite_ConvergenceCriteriaMet":"Converged","MSForcite_Structure":"E:\\PPS\\web\\jobs\\tdmusho\\ppc715C8-71B7-4813-9F42-58B4EA5421D8\\Exports\\ppc715C8-71B7-4813-9F42-58B4EA5421D8\\Forcite_1\\default (979)\\default (979).xsd","MSForcite_TotalEnergy":97.7366157914448,"ErrorText":"VAMP job failed with:\nTask completed with failure.\n\nFAIL in VAMP.GeometryOptimization (function/property \"Run\")"},
{"Smiles":"[CH-]1C=CC=C1.CC(OC1=C([C-]2C=CC=C2)C(=O)c2c(C1=O)cc1OCCOc1c2)C.[Fe+2]","CleanResult":"","MSForcite_OutputDirectory":"E:\\PPS\\web\\jobs\\tdmusho\\ppc715C8-71B7-4813-9F42-58B4EA5421D8\\Exports\\ppc715C8-71B7-4813-9F42-58B4EA5421D8\\Forcite_1\\default (980)","MSForcite_ConvergenceCriteriaMet":"Converged","MSForcite_Structure":"E:\\PPS\\web\\jobs\\tdmusho\\ppc715C8-71B7-4813-9F42-58B4EA5421D8\\Exports\\ppc715C8-71B7-4813-9F42-58B4EA5421D8\\Forcite_1\\default (980)\\default (980).xsd","MSForcite_TotalEnergy":109.420005383838,"ErrorText":"VAMP job failed with:\nTask completed with failure.\n\nFAIL in VAMP.GeometryOptimization (function/property \"Run\")"},
{"Smiles":"OCCNCCNc1ccc(c2c1c(O)c1c(O)ccc(c1c2O)O)NCCNCCO","CleanResult":"","MSForcite_OutputDirectory":"E:\\PPS\\web\\jobs\\tdmusho\\ppc715C8-71B7-4813-9F42-58B4EA5421D8\\Exports\\ppc715C8-71B7-4813-9F42-58B4EA5421D8\\Forcite_1\\default (1003)","MSForcite_ConvergenceCriteriaMet":"Converged","MSForcite_Structure":"E:\\PPS\\web\\jobs\\tdmusho\\ppc715C8-71B7-4813-9F42-58B4EA5421D8\\Exports\\ppc715C8-71B7-4813-9F42-58B4EA5421D8\\Forcite_1\\default (1003)\\default (1003).xsd","MSForcite_TotalEnergy":94.3930911337865,"ErrorText":"VAMP job failed with:\nTask completed with failure.\n\nFAIL in VAMP.GeometryOptimization (function/property \"Run\")"},
{"Smiles":"O=C1c2c(OCc3ccccc3)c(OCc3ccccc3)ccc2C(=O)c2c1cccc2","CleanResult":"","MSForcite_OutputDirectory":"E:\\PPS\\web\\jobs\\tdmusho\\ppc715C8-71B7-4813-9F42-58B4EA5421D8\\Exports\\ppc715C8-71B7-4813-9F42-58B4EA5421D8\\Forcite_1\\default (1007)","MSForcite_ConvergenceCriteriaMet":"Converged","MSForcite_Structure":"E:\\PPS\\web\\jobs\\tdmusho\\ppc715C8-71B7-4813-9F42-58B4EA5421D8\\Exports\\ppc715C8-71B7-4813-9F42-58B4EA5421D8\\Forcite_1\\default (1007)\\default (1007).xsd","MSForcite_TotalEnergy":81.014633814254,"ErrorText":"VAMP job failed with:\nTask completed with failure.\n\nFAIL in VAMP.GeometryOptimization (function/property \"Run\")"},
{"Smiles":"CCCCN1c2ccccc2C(C1=CC=CC1=[N+](C)c2c(C1(C)C)cccc2)(C)C.[I-]","CleanResult":"","MSForcite_OutputDirectory":"E:\\PPS\\web\\jobs\\tdmusho\\ppc715C8-71B7-4813-9F42-58B4EA5421D8\\Exports\\ppc715C8-71B7-4813-9F42-58B4EA5421D8\\Forcite_1\\default (998)","MSForcite_ConvergenceCriteriaMet":"Converged","MSForcite_Structure":"E:\\PPS\\web\\jobs\\tdmusho\\ppc715C8-71B7-4813-9F42-58B4EA5421D8\\Exports\\ppc715C8-71B7-4813-9F42-58B4EA5421D8\\Forcite_1\\default (998)\\default (998).xsd","MSForcite_TotalEnergy":99.7549059598488,"ErrorText":"VAMP job failed with:\nTask completed with failure.\n\nFAIL in VAMP.GeometryOptimization (function/property \"Run\")"}
]