﻿[
{"Smiles":"[CH-]1C=CC=C1.C=C(C(=O)c1c(C)nc2c(c1C)cccc2)[C-]1C=CC=C1.[Fe+2]","CleanResult":"","MSForcite_OutputDirectory":"E:\\PPS\\web\\jobs\\tdmusho\\ppc715C8-71B7-4813-9F42-58B4EA5421D8\\Exports\\ppc715C8-71B7-4813-9F42-58B4EA5421D8\\Forcite_1\\default (4)","MSForcite_ConvergenceCriteriaMet":"Unconverged","MSForcite_Structure":"E:\\PPS\\web\\jobs\\tdmusho\\ppc715C8-71B7-4813-9F42-58B4EA5421D8\\Exports\\ppc715C8-71B7-4813-9F42-58B4EA5421D8\\Forcite_1\\default (4)\\default (4).xsd","ErrorText":"Convergence criteria has not been met."},
{"Smiles":"[CH-]1C=CC=C1.N#CC(=Cc1ccc(s1)c1ccc(s1)[C-]1C=CC=C1)C#N.[Fe+2]","CleanResult":"","MSForcite_OutputDirectory":"E:\\PPS\\web\\jobs\\tdmusho\\ppc715C8-71B7-4813-9F42-58B4EA5421D8\\Exports\\ppc715C8-71B7-4813-9F42-58B4EA5421D8\\Forcite_1\\default (5)","MSForcite_ConvergenceCriteriaMet":"Unconverged","MSForcite_Structure":"E:\\PPS\\web\\jobs\\tdmusho\\ppc715C8-71B7-4813-9F42-58B4EA5421D8\\Exports\\ppc715C8-71B7-4813-9F42-58B4EA5421D8\\Forcite_1\\default (5)\\default (5).xsd","ErrorText":"Convergence criteria has not been met."},
{"Smiles":"S=C=Nc1ccc2c(c1)C(=O)OC12c2ccc(cc2Oc2c1ccc(c2)O)O","CleanResult":"","MSForcite_OutputDirectory":"E:\\PPS\\web\\jobs\\tdmusho\\ppc715C8-71B7-4813-9F42-58B4EA5421D8\\Exports\\ppc715C8-71B7-4813-9F42-58B4EA5421D8\\Forcite_1\\default (8)","MSForcite_ConvergenceCriteriaMet":"Unconverged","MSForcite_Structure":"E:\\PPS\\web\\jobs\\tdmusho\\ppc715C8-71B7-4813-9F42-58B4EA5421D8\\Exports\\ppc715C8-71B7-4813-9F42-58B4EA5421D8\\Forcite_1\\default (8)\\default (8).xsd","ErrorText":"Convergence criteria has not been met."},
{"Smiles":"CCOc1nc(cc(c1C#N)c1ccc(cc1)N1CCOCC1)c1cccs1","CleanResult":"","MSForcite_OutputDirectory":"E:\\PPS\\web\\jobs\\tdmusho\\ppc715C8-71B7-4813-9F42-58B4EA5421D8\\Exports\\ppc715C8-71B7-4813-9F42-58B4EA5421D8\\Forcite_1\\default (9)","MSForcite_ConvergenceCriteriaMet":"Unconverged","MSForcite_Structure":"E:\\PPS\\web\\jobs\\tdmusho\\ppc715C8-71B7-4813-9F42-58B4EA5421D8\\Exports\\ppc715C8-71B7-4813-9F42-58B4EA5421D8\\Forcite_1\\default (9)\\default (9).xsd","ErrorText":"Convergence criteria has not been met."},
{"Smiles":"CCOc1nc(cc(c1C#N)c1ccc(cc1)N1CCOCC1)c1ccco1","CleanResult":"","MSForcite_OutputDirectory":"E:\\PPS\\web\\jobs\\tdmusho\\ppc715C8-71B7-4813-9F42-58B4EA5421D8\\Exports\\ppc715C8-71B7-4813-9F42-58B4EA5421D8\\Forcite_1\\default (10)","MSForcite_ConvergenceCriteriaMet":"Unconverged","MSForcite_Structure":"E:\\PPS\\web\\jobs\\tdmusho\\ppc715C8-71B7-4813-9F42-58B4EA5421D8\\Exports\\ppc715C8-71B7-4813-9F42-58B4EA5421D8\\Forcite_1\\default (10)\\default (10).xsd","ErrorText":"Convergence criteria has not been met."},
{"Smiles":"Cc1cccc(c1)CNC(=O)c1ncnc(c1)C(=O)NCc1cccc(c1)C","CleanResult":"","MSForcite_OutputDirectory":"E:\\PPS\\web\\jobs\\tdmusho\\ppc715C8-71B7-4813-9F42-58B4EA5421D8\\Exports\\ppc715C8-71B7-4813-9F42-58B4EA5421D8\\Forcite_1\\default (12)","MSForcite_ConvergenceCriteriaMet":"Unconverged","MSForcite_Structure":"E:\\PPS\\web\\jobs\\tdmusho\\ppc715C8-71B7-4813-9F42-58B4EA5421D8\\Exports\\ppc715C8-71B7-4813-9F42-58B4EA5421D8\\Forcite_1\\default (12)\\default (12).xsd","ErrorText":"Convergence criteria has not been met."},
{"Smiles":"Cc1ccc(cc1)S(=O)(=O)N1CCC[C@H]1C(=O)N1[C@H](C)COc2c1cccc2","CleanResult":"","MSForcite_OutputDirectory":"E:\\PPS\\web\\jobs\\tdmusho\\ppc715C8-71B7-4813-9F42-58B4EA5421D8\\Exports\\ppc715C8-71B7-4813-9F42-58B4EA5421D8\\Forcite_1\\default (16)","MSForcite_ConvergenceCriteriaMet":"Unconverged","MSForcite_Structure":"E:\\PPS\\web\\jobs\\tdmusho\\ppc715C8-71B7-4813-9F42-58B4EA5421D8\\Exports\\ppc715C8-71B7-4813-9F42-58B4EA5421D8\\Forcite_1\\default (16)\\default (16).xsd","ErrorText":"Convergence criteria has not been met."},
{"Smiles":"OC[C@H]1O[C@H]([C@@H]([C@@H]1O)O)n1cnc2c1ncnc2NC(Cc1ccccc1)C","CleanResult":"","MSForcite_OutputDirectory":"E:\\PPS\\web\\jobs\\tdmusho\\ppc715C8-71B7-4813-9F42-58B4EA5421D8\\Exports\\ppc715C8-71B7-4813-9F42-58B4EA5421D8\\Forcite_1\\default (20)","MSForcite_ConvergenceCriteriaMet":"Unconverged","MSForcite_Structure":"E:\\PPS\\web\\jobs\\tdmusho\\ppc715C8-71B7-4813-9F42-58B4EA5421D8\\Exports\\ppc715C8-71B7-4813-9F42-58B4EA5421D8\\Forcite_1\\default (20)\\default (20).xsd","ErrorText":"Convergence criteria has not been met."},
{"Smiles":"Fc1ccc(cc1)c1nc(cnc1N)c1ccc(cc1)O[Si](C(C)(C)C)(C)C","CleanResult":"","MSForcite_OutputDirectory":"E:\\PPS\\web\\jobs\\tdmusho\\ppc715C8-71B7-4813-9F42-58B4EA5421D8\\Exports\\ppc715C8-71B7-4813-9F42-58B4EA5421D8\\Forcite_1\\default (21)","MSForcite_ConvergenceCriteriaMet":"Unconverged","MSForcite_Structure":"E:\\PPS\\web\\jobs\\tdmusho\\ppc715C8-71B7-4813-9F42-58B4EA5421D8\\Exports\\ppc715C8-71B7-4813-9F42-58B4EA5421D8\\Forcite_1\\default (21)\\default (21).xsd","ErrorText":"Convergence criteria has not been met."},
{"Smiles":"Cc1ccc(cc1)c1nc(cnc1N)c1ccc(cc1)O[Si](C(C)(C)C)(C)C","CleanResult":"","MSForcite_OutputDirectory":"E:\\PPS\\web\\jobs\\tdmusho\\ppc715C8-71B7-4813-9F42-58B4EA5421D8\\Exports\\ppc715C8-71B7-4813-9F42-58B4EA5421D8\\Forcite_1\\default (22)","MSForcite_ConvergenceCriteriaMet":"Unconverged","MSForcite_Structure":"E:\\PPS\\web\\jobs\\tdmusho\\ppc715C8-71B7-4813-9F42-58B4EA5421D8\\Exports\\ppc715C8-71B7-4813-9F42-58B4EA5421D8\\Forcite_1\\default (22)\\default (22).xsd","ErrorText":"Convergence criteria has not been met."},
{"Smiles":"CCC(=C(c1ccccc1)c1ccc(cc1)OCCN(C)C)c1ccccc1","CleanResult":"","MSForcite_OutputDirectory":"E:\\PPS\\web\\jobs\\tdmusho\\ppc715C8-71B7-4813-9F42-58B4EA5421D8\\Exports\\ppc715C8-71B7-4813-9F42-58B4EA5421D8\\Forcite_1\\default (27)","MSForcite_ConvergenceCriteriaMet":"Unconverged","MSForcite_Structure":"E:\\PPS\\web\\jobs\\tdmusho\\ppc715C8-71B7-4813-9F42-58B4EA5421D8\\Exports\\ppc715C8-71B7-4813-9F42-58B4EA5421D8\\Forcite_1\\default (27)\\default (27).xsd","ErrorText":"Convergence criteria has not been met."},
{"Smiles":"N#Cc1ccc(cc1C#N)Oc1ccc(cc1)N=Nc1ccc(c(c1)C=O)O","CleanResult":"","MSForcite_OutputDirectory":"E:\\PPS\\web\\jobs\\tdmusho\\ppc715C8-71B7-4813-9F42-58B4EA5421D8\\Exports\\ppc715C8-71B7-4813-9F42-58B4EA5421D8\\Forcite_1\\default (30)","MSForcite_ConvergenceCriteriaMet":"Unconverged","MSForcite_Structure":"E:\\PPS\\web\\jobs\\tdmusho\\ppc715C8-71B7-4813-9F42-58B4EA5421D8\\Exports\\ppc715C8-71B7-4813-9F42-58B4EA5421D8\\Forcite_1\\default (30)\\default (30).xsd","ErrorText":"Convergence criteria has not been met."},
{"Smiles":"Fc1ccc2c(c1)c(=O)c(cn2C)C(=O)c1ccccc1Cc1ccccc1","CleanResult":"","MSForcite_OutputDirectory":"E:\\PPS\\web\\jobs\\tdmusho\\ppc715C8-71B7-4813-9F42-58B4EA5421D8\\Exports\\ppc715C8-71B7-4813-9F42-58B4EA5421D8\\Forcite_1\\default (39)","MSForcite_ConvergenceCriteriaMet":"Unconverged","MSForcite_Structure":"E:\\PPS\\web\\jobs\\tdmusho\\ppc715C8-71B7-4813-9F42-58B4EA5421D8\\Exports\\ppc715C8-71B7-4813-9F42-58B4EA5421D8\\Forcite_1\\default (39)\\default (39).xsd","ErrorText":"Convergence criteria has not been met."},
{"Smiles":"COC(=O)Cn1c(=O)c2cccc3c2c(c1=O)ccc3Nc1cccc(c1)F","CleanResult":"","MSForcite_OutputDirectory":"E:\\PPS\\web\\jobs\\tdmusho\\ppc715C8-71B7-4813-9F42-58B4EA5421D8\\Exports\\ppc715C8-71B7-4813-9F42-58B4EA5421D8\\Forcite_1\\default (40)","MSForcite_ConvergenceCriteriaMet":"Unconverged","MSForcite_Structure":"E:\\PPS\\web\\jobs\\tdmusho\\ppc715C8-71B7-4813-9F42-58B4EA5421D8\\Exports\\ppc715C8-71B7-4813-9F42-58B4EA5421D8\\Forcite_1\\default (40)\\default (40).xsd","ErrorText":"Convergence criteria has not been met."},
{"Smiles":"C[n+]1c(C=C2C(=C(C2=O)C=c2sc3c(n2C)cccc3)[O-])sc2c1cccc2","CleanResult":"","MSForcite_OutputDirectory":"E:\\PPS\\web\\jobs\\tdmusho\\ppc715C8-71B7-4813-9F42-58B4EA5421D8\\Exports\\ppc715C8-71B7-4813-9F42-58B4EA5421D8\\Forcite_1\\default (46)","MSForcite_ConvergenceCriteriaMet":"Unconverged","MSForcite_Structure":"E:\\PPS\\web\\jobs\\tdmusho\\ppc715C8-71B7-4813-9F42-58B4EA5421D8\\Exports\\ppc715C8-71B7-4813-9F42-58B4EA5421D8\\Forcite_1\\default (46)\\default (46).xsd","ErrorText":"Convergence criteria has not been met."},
{"Smiles":"COc1cc(ccc1OC)[C@H](NCNC(c1ccccc1)c1ccccc1)C","CleanResult":"","MSForcite_OutputDirectory":"E:\\PPS\\web\\jobs\\tdmusho\\ppc715C8-71B7-4813-9F42-58B4EA5421D8\\Exports\\ppc715C8-71B7-4813-9F42-58B4EA5421D8\\Forcite_1\\default (53)","MSForcite_ConvergenceCriteriaMet":"Unconverged","MSForcite_Structure":"E:\\PPS\\web\\jobs\\tdmusho\\ppc715C8-71B7-4813-9F42-58B4EA5421D8\\Exports\\ppc715C8-71B7-4813-9F42-58B4EA5421D8\\Forcite_1\\default (53)\\default (53).xsd","ErrorText":"Convergence criteria has not been met."},
{"Smiles":"Cc1ccc(cc1)C#Cc1ccc(cc1)n1c2ccccc2c2c1cccc2","CleanResult":"","MSForcite_OutputDirectory":"E:\\PPS\\web\\jobs\\tdmusho\\ppc715C8-71B7-4813-9F42-58B4EA5421D8\\Exports\\ppc715C8-71B7-4813-9F42-58B4EA5421D8\\Forcite_1\\default (64)","MSForcite_ConvergenceCriteriaMet":"Unconverged","MSForcite_Structure":"E:\\PPS\\web\\jobs\\tdmusho\\ppc715C8-71B7-4813-9F42-58B4EA5421D8\\Exports\\ppc715C8-71B7-4813-9F42-58B4EA5421D8\\Forcite_1\\default (64)\\default (64).xsd","ErrorText":"Convergence criteria has not been met."},
{"Smiles":"CN[C@@H](C(=O)N1CCC[C@H]1C(=O)NCC1CC[C@H](CC1)N)Cc1ccccc1","CleanResult":"","MSForcite_OutputDirectory":"E:\\PPS\\web\\jobs\\tdmusho\\ppc715C8-71B7-4813-9F42-58B4EA5421D8\\Exports\\ppc715C8-71B7-4813-9F42-58B4EA5421D8\\Forcite_1\\default (72)","MSForcite_ConvergenceCriteriaMet":"Unconverged","MSForcite_Structure":"E:\\PPS\\web\\jobs\\tdmusho\\ppc715C8-71B7-4813-9F42-58B4EA5421D8\\Exports\\ppc715C8-71B7-4813-9F42-58B4EA5421D8\\Forcite_1\\default (72)\\default (72).xsd","ErrorText":"Convergence criteria has not been met."},
{"Smiles":"CCN(c1ccc(cc1)C=C1C(=Cc2ccc(cc2)N(CC)CC)C1=O)CC","CleanResult":"","MSForcite_OutputDirectory":"E:\\PPS\\web\\jobs\\tdmusho\\ppc715C8-71B7-4813-9F42-58B4EA5421D8\\Exports\\ppc715C8-71B7-4813-9F42-58B4EA5421D8\\Forcite_1\\default (81)","MSForcite_ConvergenceCriteriaMet":"Unconverged","MSForcite_Structure":"E:\\PPS\\web\\jobs\\tdmusho\\ppc715C8-71B7-4813-9F42-58B4EA5421D8\\Exports\\ppc715C8-71B7-4813-9F42-58B4EA5421D8\\Forcite_1\\default (81)\\default (81).xsd","ErrorText":"Convergence criteria has not been met."},
{"Smiles":"N#CC(=C1OC(=O)C(=C(C)C)C1=CC(c1c(C)c2c(n1C)cccc2)C)C#N","CleanResult":"","MSForcite_OutputDirectory":"E:\\PPS\\web\\jobs\\tdmusho\\ppc715C8-71B7-4813-9F42-58B4EA5421D8\\Exports\\ppc715C8-71B7-4813-9F42-58B4EA5421D8\\Forcite_1\\default (87)","MSForcite_ConvergenceCriteriaMet":"Unconverged","MSForcite_Structure":"E:\\PPS\\web\\jobs\\tdmusho\\ppc715C8-71B7-4813-9F42-58B4EA5421D8\\Exports\\ppc715C8-71B7-4813-9F42-58B4EA5421D8\\Forcite_1\\default (87)\\default (87).xsd","ErrorText":"Convergence criteria has not been met."},
{"Smiles":"OCc1cc(Nc2cccc(c2)OC)c2c(c1N)C(=O)c1c(C2=O)cccc1","CleanResult":"","MSForcite_OutputDirectory":"E:\\PPS\\web\\jobs\\tdmusho\\ppc715C8-71B7-4813-9F42-58B4EA5421D8\\Exports\\ppc715C8-71B7-4813-9F42-58B4EA5421D8\\Forcite_1\\default (88)","MSForcite_ConvergenceCriteriaMet":"Unconverged","MSForcite_Structure":"E:\\PPS\\web\\jobs\\tdmusho\\ppc715C8-71B7-4813-9F42-58B4EA5421D8\\Exports\\ppc715C8-71B7-4813-9F42-58B4EA5421D8\\Forcite_1\\default (88)\\default (88).xsd","ErrorText":"Convergence criteria has not been met."},
{"Smiles":"CCN(c1ccc(cc1)C=C1C(=Cc2ccc(cc2)N(CC)CC)C1=O)CC","CleanResult":"","MSForcite_OutputDirectory":"E:\\PPS\\web\\jobs\\tdmusho\\ppc715C8-71B7-4813-9F42-58B4EA5421D8\\Exports\\ppc715C8-71B7-4813-9F42-58B4EA5421D8\\Forcite_1\\default (91)","MSForcite_ConvergenceCriteriaMet":"Unconverged","MSForcite_Structure":"E:\\PPS\\web\\jobs\\tdmusho\\ppc715C8-71B7-4813-9F42-58B4EA5421D8\\Exports\\ppc715C8-71B7-4813-9F42-58B4EA5421D8\\Forcite_1\\default (91)\\default (91).xsd","ErrorText":"Convergence criteria has not been met."},
{"Smiles":"CCN(c1ccc(cc1)C=Cc1ccn2c(c1)nc(c2)c1ccccc1)CC","CleanResult":"","MSForcite_OutputDirectory":"E:\\PPS\\web\\jobs\\tdmusho\\ppc715C8-71B7-4813-9F42-58B4EA5421D8\\Exports\\ppc715C8-71B7-4813-9F42-58B4EA5421D8\\Forcite_1\\default (101)","MSForcite_ConvergenceCriteriaMet":"Unconverged","MSForcite_Structure":"E:\\PPS\\web\\jobs\\tdmusho\\ppc715C8-71B7-4813-9F42-58B4EA5421D8\\Exports\\ppc715C8-71B7-4813-9F42-58B4EA5421D8\\Forcite_1\\default (101)\\default (101).xsd","ErrorText":"Convergence criteria has not been met."}
]