﻿[
{"Smiles":"Cc1sc(c(c1)C(=O)C=Cc1ccc(cc1)N(c1ccccc1)c1ccccc1)C","CleanResult":"","MSForcite_OutputDirectory":"E:\\PPS\\web\\jobs\\tdmusho\\ppc715C8-71B7-4813-9F42-58B4EA5421D8\\Exports\\ppc715C8-71B7-4813-9F42-58B4EA5421D8\\Forcite_1\\default (612)","MSForcite_ConvergenceCriteriaMet":"Unconverged","MSForcite_Structure":"E:\\PPS\\web\\jobs\\tdmusho\\ppc715C8-71B7-4813-9F42-58B4EA5421D8\\Exports\\ppc715C8-71B7-4813-9F42-58B4EA5421D8\\Forcite_1\\default (612)\\default (612).xsd","ErrorText":"Convergence criteria has not been met."},
{"Smiles":"N#CC(=Cc1ccc(s1)c1ccc(cc1)N(c1ccccc1)c1ccccc1)C#N","CleanResult":"","MSForcite_OutputDirectory":"E:\\PPS\\web\\jobs\\tdmusho\\ppc715C8-71B7-4813-9F42-58B4EA5421D8\\Exports\\ppc715C8-71B7-4813-9F42-58B4EA5421D8\\Forcite_1\\default (628)","MSForcite_ConvergenceCriteriaMet":"Unconverged","MSForcite_Structure":"E:\\PPS\\web\\jobs\\tdmusho\\ppc715C8-71B7-4813-9F42-58B4EA5421D8\\Exports\\ppc715C8-71B7-4813-9F42-58B4EA5421D8\\Forcite_1\\default (628)\\default (628).xsd","ErrorText":"Convergence criteria has not been met."},
{"Smiles":"CCOC(C#Cc1ccc(cc1)c1nnc(o1)c1ccc(cc1)C(C)(C)C)OCC","CleanResult":"","MSForcite_OutputDirectory":"E:\\PPS\\web\\jobs\\tdmusho\\ppc715C8-71B7-4813-9F42-58B4EA5421D8\\Exports\\ppc715C8-71B7-4813-9F42-58B4EA5421D8\\Forcite_1\\default (631)","MSForcite_ConvergenceCriteriaMet":"Unconverged","MSForcite_Structure":"E:\\PPS\\web\\jobs\\tdmusho\\ppc715C8-71B7-4813-9F42-58B4EA5421D8\\Exports\\ppc715C8-71B7-4813-9F42-58B4EA5421D8\\Forcite_1\\default (631)\\default (631).xsd","ErrorText":"Convergence criteria has not been met."},
{"Smiles":"Brc1ccc2c(c1)CCc1c2c(nc2c1c1ccc(cc1CC2)Br)c1ccccc1","CleanResult":"","MSForcite_OutputDirectory":"E:\\PPS\\web\\jobs\\tdmusho\\ppc715C8-71B7-4813-9F42-58B4EA5421D8\\Exports\\ppc715C8-71B7-4813-9F42-58B4EA5421D8\\Forcite_1\\default (639)","MSForcite_ConvergenceCriteriaMet":"Unconverged","MSForcite_Structure":"E:\\PPS\\web\\jobs\\tdmusho\\ppc715C8-71B7-4813-9F42-58B4EA5421D8\\Exports\\ppc715C8-71B7-4813-9F42-58B4EA5421D8\\Forcite_1\\default (639)\\default (639).xsd","ErrorText":"Convergence criteria has not been met."},
{"Smiles":"N#CC(=Cc1ccc2c(n1)ccc(c2)N(c1ccccc1)c1ccccc1)C(=O)O","CleanResult":"","MSForcite_OutputDirectory":"E:\\PPS\\web\\jobs\\tdmusho\\ppc715C8-71B7-4813-9F42-58B4EA5421D8\\Exports\\ppc715C8-71B7-4813-9F42-58B4EA5421D8\\Forcite_1\\default (641)","MSForcite_ConvergenceCriteriaMet":"Unconverged","MSForcite_Structure":"E:\\PPS\\web\\jobs\\tdmusho\\ppc715C8-71B7-4813-9F42-58B4EA5421D8\\Exports\\ppc715C8-71B7-4813-9F42-58B4EA5421D8\\Forcite_1\\default (641)\\default (641).xsd","ErrorText":"Convergence criteria has not been met."},
{"Smiles":"N#Cc1ccc2c(c1)c1ccccc1n2c1ccc2c(c1)n(CC)c1c2cccc1","CleanResult":"","MSForcite_OutputDirectory":"E:\\PPS\\web\\jobs\\tdmusho\\ppc715C8-71B7-4813-9F42-58B4EA5421D8\\Exports\\ppc715C8-71B7-4813-9F42-58B4EA5421D8\\Forcite_1\\default (645)","MSForcite_ConvergenceCriteriaMet":"Unconverged","MSForcite_Structure":"E:\\PPS\\web\\jobs\\tdmusho\\ppc715C8-71B7-4813-9F42-58B4EA5421D8\\Exports\\ppc715C8-71B7-4813-9F42-58B4EA5421D8\\Forcite_1\\default (645)\\default (645).xsd","ErrorText":"Convergence criteria has not been met."},
{"Smiles":"c1ccc(cc1)N(c1ccccc1)c1ccc(cc1)c1ccc(s1)c1ccncn1","CleanResult":"","MSForcite_OutputDirectory":"E:\\PPS\\web\\jobs\\tdmusho\\ppc715C8-71B7-4813-9F42-58B4EA5421D8\\Exports\\ppc715C8-71B7-4813-9F42-58B4EA5421D8\\Forcite_1\\default (647)","MSForcite_ConvergenceCriteriaMet":"Unconverged","MSForcite_Structure":"E:\\PPS\\web\\jobs\\tdmusho\\ppc715C8-71B7-4813-9F42-58B4EA5421D8\\Exports\\ppc715C8-71B7-4813-9F42-58B4EA5421D8\\Forcite_1\\default (647)\\default (647).xsd","ErrorText":"Convergence criteria has not been met."},
{"Smiles":"CN(c1ccccc1)c1ccc(cc1)C=C(c1ccc(s1)C=C(C(=O)O)C#N)C#N","CleanResult":"","MSForcite_OutputDirectory":"E:\\PPS\\web\\jobs\\tdmusho\\ppc715C8-71B7-4813-9F42-58B4EA5421D8\\Exports\\ppc715C8-71B7-4813-9F42-58B4EA5421D8\\Forcite_1\\default (653)","MSForcite_ConvergenceCriteriaMet":"Unconverged","MSForcite_Structure":"E:\\PPS\\web\\jobs\\tdmusho\\ppc715C8-71B7-4813-9F42-58B4EA5421D8\\Exports\\ppc715C8-71B7-4813-9F42-58B4EA5421D8\\Forcite_1\\default (653)\\default (653).xsd","ErrorText":"Convergence criteria has not been met."},
{"Smiles":"COc1ccc(cc1)C=Cc1nc(C#N)c(nc1C=Cc1ccc(cc1)C=O)C#N","CleanResult":"","MSForcite_OutputDirectory":"E:\\PPS\\web\\jobs\\tdmusho\\ppc715C8-71B7-4813-9F42-58B4EA5421D8\\Exports\\ppc715C8-71B7-4813-9F42-58B4EA5421D8\\Forcite_1\\default (655)","MSForcite_ConvergenceCriteriaMet":"Unconverged","MSForcite_Structure":"E:\\PPS\\web\\jobs\\tdmusho\\ppc715C8-71B7-4813-9F42-58B4EA5421D8\\Exports\\ppc715C8-71B7-4813-9F42-58B4EA5421D8\\Forcite_1\\default (655)\\default (655).xsd","ErrorText":"Convergence criteria has not been met."},
{"Smiles":"COc1ccc(cc1)C=Cc1nc(C#N)c(nc1C=Cc1ccc(cc1)C=O)C#N","CleanResult":"","MSForcite_OutputDirectory":"E:\\PPS\\web\\jobs\\tdmusho\\ppc715C8-71B7-4813-9F42-58B4EA5421D8\\Exports\\ppc715C8-71B7-4813-9F42-58B4EA5421D8\\Forcite_1\\default (656)","MSForcite_ConvergenceCriteriaMet":"Unconverged","MSForcite_Structure":"E:\\PPS\\web\\jobs\\tdmusho\\ppc715C8-71B7-4813-9F42-58B4EA5421D8\\Exports\\ppc715C8-71B7-4813-9F42-58B4EA5421D8\\Forcite_1\\default (656)\\default (656).xsd","ErrorText":"Convergence criteria has not been met."},
{"Smiles":"N#Cc1ccc(cc1)C=Cc1sccc1c1ccsc1C=Cc1ccc(cc1)C#N","CleanResult":"","MSForcite_OutputDirectory":"E:\\PPS\\web\\jobs\\tdmusho\\ppc715C8-71B7-4813-9F42-58B4EA5421D8\\Exports\\ppc715C8-71B7-4813-9F42-58B4EA5421D8\\Forcite_1\\default (660)","MSForcite_ConvergenceCriteriaMet":"Unconverged","MSForcite_Structure":"E:\\PPS\\web\\jobs\\tdmusho\\ppc715C8-71B7-4813-9F42-58B4EA5421D8\\Exports\\ppc715C8-71B7-4813-9F42-58B4EA5421D8\\Forcite_1\\default (660)\\default (660).xsd","ErrorText":"Convergence criteria has not been met."},
{"Smiles":"CCN(c1c(F)c(F)c2c(c1F)nc1c(n2)c(F)c(c(c1F)F)N(CC)CC)CC","CleanResult":"","MSForcite_OutputDirectory":"E:\\PPS\\web\\jobs\\tdmusho\\ppc715C8-71B7-4813-9F42-58B4EA5421D8\\Exports\\ppc715C8-71B7-4813-9F42-58B4EA5421D8\\Forcite_1\\default (667)","MSForcite_ConvergenceCriteriaMet":"Unconverged","MSForcite_Structure":"E:\\PPS\\web\\jobs\\tdmusho\\ppc715C8-71B7-4813-9F42-58B4EA5421D8\\Exports\\ppc715C8-71B7-4813-9F42-58B4EA5421D8\\Forcite_1\\default (667)\\default (667).xsd","ErrorText":"Convergence criteria has not been met."},
{"Smiles":"N#CC(=Cc1ccc(o1)c1ccc(cc1)N(c1ccccc1)c1ccccc1)C#N","CleanResult":"","MSForcite_OutputDirectory":"E:\\PPS\\web\\jobs\\tdmusho\\ppc715C8-71B7-4813-9F42-58B4EA5421D8\\Exports\\ppc715C8-71B7-4813-9F42-58B4EA5421D8\\Forcite_1\\default (668)","MSForcite_ConvergenceCriteriaMet":"Unconverged","MSForcite_Structure":"E:\\PPS\\web\\jobs\\tdmusho\\ppc715C8-71B7-4813-9F42-58B4EA5421D8\\Exports\\ppc715C8-71B7-4813-9F42-58B4EA5421D8\\Forcite_1\\default (668)\\default (668).xsd","ErrorText":"Convergence criteria has not been met."},
{"Smiles":"C(CP(c1ccccc1)c1ccccc1)CCP(c1ccccc1)c1ccccc1","CleanResult":"","MSForcite_OutputDirectory":"E:\\PPS\\web\\jobs\\tdmusho\\ppc715C8-71B7-4813-9F42-58B4EA5421D8\\Exports\\ppc715C8-71B7-4813-9F42-58B4EA5421D8\\Forcite_1\\default (671)","MSForcite_ConvergenceCriteriaMet":"Unconverged","MSForcite_Structure":"E:\\PPS\\web\\jobs\\tdmusho\\ppc715C8-71B7-4813-9F42-58B4EA5421D8\\Exports\\ppc715C8-71B7-4813-9F42-58B4EA5421D8\\Forcite_1\\default (671)\\default (671).xsd","ErrorText":"Convergence criteria has not been met."},
{"Smiles":"Brc1ccc(c(c1)c1nc2CCc3c(c2c2c1c1ccccc1CC2)cccc3)O","CleanResult":"","MSForcite_OutputDirectory":"E:\\PPS\\web\\jobs\\tdmusho\\ppc715C8-71B7-4813-9F42-58B4EA5421D8\\Exports\\ppc715C8-71B7-4813-9F42-58B4EA5421D8\\Forcite_1\\default (676)","MSForcite_ConvergenceCriteriaMet":"Unconverged","MSForcite_Structure":"E:\\PPS\\web\\jobs\\tdmusho\\ppc715C8-71B7-4813-9F42-58B4EA5421D8\\Exports\\ppc715C8-71B7-4813-9F42-58B4EA5421D8\\Forcite_1\\default (676)\\default (676).xsd","ErrorText":"Convergence criteria has not been met."},
{"Smiles":"CCN(c1ccc2c(c1)oc(=NC(=O)Nc1ccc(cc1)C(C)C)c(c2)C#N)CC","CleanResult":"","MSForcite_OutputDirectory":"E:\\PPS\\web\\jobs\\tdmusho\\ppc715C8-71B7-4813-9F42-58B4EA5421D8\\Exports\\ppc715C8-71B7-4813-9F42-58B4EA5421D8\\Forcite_1\\default (677)","MSForcite_ConvergenceCriteriaMet":"Unconverged","MSForcite_Structure":"E:\\PPS\\web\\jobs\\tdmusho\\ppc715C8-71B7-4813-9F42-58B4EA5421D8\\Exports\\ppc715C8-71B7-4813-9F42-58B4EA5421D8\\Forcite_1\\default (677)\\default (677).xsd","ErrorText":"Convergence criteria has not been met."},
{"Smiles":"CCC(n1c(Nc2ccc(cc2)F)nc2c1cc1oc(=O)c(c(c1c2)C)C(=O)N)C","CleanResult":"","MSForcite_OutputDirectory":"E:\\PPS\\web\\jobs\\tdmusho\\ppc715C8-71B7-4813-9F42-58B4EA5421D8\\Exports\\ppc715C8-71B7-4813-9F42-58B4EA5421D8\\Forcite_1\\default (682)","MSForcite_ConvergenceCriteriaMet":"Unconverged","MSForcite_Structure":"E:\\PPS\\web\\jobs\\tdmusho\\ppc715C8-71B7-4813-9F42-58B4EA5421D8\\Exports\\ppc715C8-71B7-4813-9F42-58B4EA5421D8\\Forcite_1\\default (682)\\default (682).xsd","ErrorText":"Convergence criteria has not been met."},
{"Smiles":"CCn1c2ccc(cc2c2c1cccc2)N(c1ccc(cc1)C)c1ccc(cc1)C","CleanResult":"","MSForcite_OutputDirectory":"E:\\PPS\\web\\jobs\\tdmusho\\ppc715C8-71B7-4813-9F42-58B4EA5421D8\\Exports\\ppc715C8-71B7-4813-9F42-58B4EA5421D8\\Forcite_1\\default (683)","MSForcite_ConvergenceCriteriaMet":"Unconverged","MSForcite_Structure":"E:\\PPS\\web\\jobs\\tdmusho\\ppc715C8-71B7-4813-9F42-58B4EA5421D8\\Exports\\ppc715C8-71B7-4813-9F42-58B4EA5421D8\\Forcite_1\\default (683)\\default (683).xsd","ErrorText":"Convergence criteria has not been met."},
{"Smiles":"COC=C(c1ccccc1Oc1ncnc(c1)Oc1ccccc1C#N)C(=O)OC","CleanResult":"","MSForcite_OutputDirectory":"E:\\PPS\\web\\jobs\\tdmusho\\ppc715C8-71B7-4813-9F42-58B4EA5421D8\\Exports\\ppc715C8-71B7-4813-9F42-58B4EA5421D8\\Forcite_1\\default (684)","MSForcite_ConvergenceCriteriaMet":"Unconverged","MSForcite_Structure":"E:\\PPS\\web\\jobs\\tdmusho\\ppc715C8-71B7-4813-9F42-58B4EA5421D8\\Exports\\ppc715C8-71B7-4813-9F42-58B4EA5421D8\\Forcite_1\\default (684)\\default (684).xsd","ErrorText":"Convergence criteria has not been met."},
{"Smiles":"N#Cc1ccc2c(c1)c1ccccc1n2c1ccc2c(c1)c1ccccc1n2CC","CleanResult":"","MSForcite_OutputDirectory":"E:\\PPS\\web\\jobs\\tdmusho\\ppc715C8-71B7-4813-9F42-58B4EA5421D8\\Exports\\ppc715C8-71B7-4813-9F42-58B4EA5421D8\\Forcite_1\\default (685)","MSForcite_ConvergenceCriteriaMet":"Unconverged","MSForcite_Structure":"E:\\PPS\\web\\jobs\\tdmusho\\ppc715C8-71B7-4813-9F42-58B4EA5421D8\\Exports\\ppc715C8-71B7-4813-9F42-58B4EA5421D8\\Forcite_1\\default (685)\\default (685).xsd","ErrorText":"Convergence criteria has not been met."},
{"Smiles":"N#CC(=Cc1ccc(s1)c1sc(c2c1cccc2)c1oc2c(c1C)cccc2)C#N","CleanResult":"","MSForcite_OutputDirectory":"E:\\PPS\\web\\jobs\\tdmusho\\ppc715C8-71B7-4813-9F42-58B4EA5421D8\\Exports\\ppc715C8-71B7-4813-9F42-58B4EA5421D8\\Forcite_1\\default (690)","MSForcite_ConvergenceCriteriaMet":"Unconverged","MSForcite_Structure":"E:\\PPS\\web\\jobs\\tdmusho\\ppc715C8-71B7-4813-9F42-58B4EA5421D8\\Exports\\ppc715C8-71B7-4813-9F42-58B4EA5421D8\\Forcite_1\\default (690)\\default (690).xsd","ErrorText":"Convergence criteria has not been met."},
{"Smiles":"CCCSC1=C(SCCC)SC(=c2sc3c(s2)c([nH]c3)C=C(C(=O)OCC)C#N)S1","CleanResult":"","MSForcite_OutputDirectory":"E:\\PPS\\web\\jobs\\tdmusho\\ppc715C8-71B7-4813-9F42-58B4EA5421D8\\Exports\\ppc715C8-71B7-4813-9F42-58B4EA5421D8\\Forcite_1\\default (692)","MSForcite_ConvergenceCriteriaMet":"Unconverged","MSForcite_Structure":"E:\\PPS\\web\\jobs\\tdmusho\\ppc715C8-71B7-4813-9F42-58B4EA5421D8\\Exports\\ppc715C8-71B7-4813-9F42-58B4EA5421D8\\Forcite_1\\default (692)\\default (692).xsd","ErrorText":"Convergence criteria has not been met."},
{"Smiles":"Cc1sc(c(c1C#N)C#N)c1ccc(s1)c1ccc(s1)c1sc(c(c1C#N)C#N)C","CleanResult":"","MSForcite_OutputDirectory":"E:\\PPS\\web\\jobs\\tdmusho\\ppc715C8-71B7-4813-9F42-58B4EA5421D8\\Exports\\ppc715C8-71B7-4813-9F42-58B4EA5421D8\\Forcite_1\\default (693)","MSForcite_ConvergenceCriteriaMet":"Unconverged","MSForcite_Structure":"E:\\PPS\\web\\jobs\\tdmusho\\ppc715C8-71B7-4813-9F42-58B4EA5421D8\\Exports\\ppc715C8-71B7-4813-9F42-58B4EA5421D8\\Forcite_1\\default (693)\\default (693).xsd","ErrorText":"Convergence criteria has not been met."},
{"Smiles":"c1ccc2c(c1)c(C#Cc1ccccc1)c1c(c2C#Cc2ccccc2)cccc1","CleanResult":"","MSForcite_OutputDirectory":"E:\\PPS\\web\\jobs\\tdmusho\\ppc715C8-71B7-4813-9F42-58B4EA5421D8\\Exports\\ppc715C8-71B7-4813-9F42-58B4EA5421D8\\Forcite_1\\default (694)","MSForcite_ConvergenceCriteriaMet":"Unconverged","MSForcite_Structure":"E:\\PPS\\web\\jobs\\tdmusho\\ppc715C8-71B7-4813-9F42-58B4EA5421D8\\Exports\\ppc715C8-71B7-4813-9F42-58B4EA5421D8\\Forcite_1\\default (694)\\default (694).xsd","ErrorText":"Convergence criteria has not been met."},
{"Smiles":"OCC1OC(CC1O)n1c(nc2c1ncnc2N)c1cc(OC)c(c(c1)OC)OC","CleanResult":"","MSForcite_OutputDirectory":"E:\\PPS\\web\\jobs\\tdmusho\\ppc715C8-71B7-4813-9F42-58B4EA5421D8\\Exports\\ppc715C8-71B7-4813-9F42-58B4EA5421D8\\Forcite_1\\default (696)","MSForcite_ConvergenceCriteriaMet":"Unconverged","MSForcite_Structure":"E:\\PPS\\web\\jobs\\tdmusho\\ppc715C8-71B7-4813-9F42-58B4EA5421D8\\Exports\\ppc715C8-71B7-4813-9F42-58B4EA5421D8\\Forcite_1\\default (696)\\default (696).xsd","ErrorText":"Convergence criteria has not been met."},
{"Smiles":"COc1c(c2ccc(cc2)C#N)c(C#N)c(c(c1C#N)c1ccc(cc1)C#N)OC","CleanResult":"","MSForcite_OutputDirectory":"E:\\PPS\\web\\jobs\\tdmusho\\ppc715C8-71B7-4813-9F42-58B4EA5421D8\\Exports\\ppc715C8-71B7-4813-9F42-58B4EA5421D8\\Forcite_1\\default (697)","MSForcite_ConvergenceCriteriaMet":"Unconverged","MSForcite_Structure":"E:\\PPS\\web\\jobs\\tdmusho\\ppc715C8-71B7-4813-9F42-58B4EA5421D8\\Exports\\ppc715C8-71B7-4813-9F42-58B4EA5421D8\\Forcite_1\\default (697)\\default (697).xsd","ErrorText":"Convergence criteria has not been met."},
{"Smiles":"COc1ccc(cc1)C=Cc1sccc1c1ccsc1C=Cc1ccc(cc1)OC","CleanResult":"","MSForcite_OutputDirectory":"E:\\PPS\\web\\jobs\\tdmusho\\ppc715C8-71B7-4813-9F42-58B4EA5421D8\\Exports\\ppc715C8-71B7-4813-9F42-58B4EA5421D8\\Forcite_1\\default (702)","MSForcite_ConvergenceCriteriaMet":"Unconverged","MSForcite_Structure":"E:\\PPS\\web\\jobs\\tdmusho\\ppc715C8-71B7-4813-9F42-58B4EA5421D8\\Exports\\ppc715C8-71B7-4813-9F42-58B4EA5421D8\\Forcite_1\\default (702)\\default (702).xsd","ErrorText":"Convergence criteria has not been met."},
{"Smiles":"Cn1c2ccc(cc2c2c1cccc2)C=CC1=C(C#N)C(=C(C#N)C#N)OC1(C)C","CleanResult":"","MSForcite_OutputDirectory":"E:\\PPS\\web\\jobs\\tdmusho\\ppc715C8-71B7-4813-9F42-58B4EA5421D8\\Exports\\ppc715C8-71B7-4813-9F42-58B4EA5421D8\\Forcite_1\\default (703)","MSForcite_ConvergenceCriteriaMet":"Unconverged","MSForcite_Structure":"E:\\PPS\\web\\jobs\\tdmusho\\ppc715C8-71B7-4813-9F42-58B4EA5421D8\\Exports\\ppc715C8-71B7-4813-9F42-58B4EA5421D8\\Forcite_1\\default (703)\\default (703).xsd","ErrorText":"Convergence criteria has not been met."},
{"Smiles":"N#CC(=Cc1ccc(cc1)N(c1ccccc1)c1ccccc1)c1ccc(cc1)C","CleanResult":"","MSForcite_OutputDirectory":"E:\\PPS\\web\\jobs\\tdmusho\\ppc715C8-71B7-4813-9F42-58B4EA5421D8\\Exports\\ppc715C8-71B7-4813-9F42-58B4EA5421D8\\Forcite_1\\default (705)","MSForcite_ConvergenceCriteriaMet":"Unconverged","MSForcite_Structure":"E:\\PPS\\web\\jobs\\tdmusho\\ppc715C8-71B7-4813-9F42-58B4EA5421D8\\Exports\\ppc715C8-71B7-4813-9F42-58B4EA5421D8\\Forcite_1\\default (705)\\default (705).xsd","ErrorText":"Convergence criteria has not been met."}
]